Time,CTR,PVE,WPT
17-Sep-2017,NaN,NaN,NaN
18-Sep-2017,NaN,NaN,NaN
19-Sep-2017,NaN,NaN,NaN
20-Sep-2017,NaN,NaN,NaN
21-Sep-2017,NaN,NaN,NaN
22-Sep-2017,NaN,NaN,NaN
23-Sep-2017,NaN,NaN,NaN
24-Sep-2017,NaN,NaN,NaN
25-Sep-2017,NaN,NaN,NaN
26-Sep-2017,NaN,NaN,NaN
27-Sep-2017,NaN,NaN,NaN
28-Sep-2017,NaN,NaN,NaN
29-Sep-2017,NaN,NaN,NaN
30-Sep-2017,NaN,NaN,NaN
1-Oct-2017,NaN,NaN,NaN
2-Oct-2017,NaN,NaN,NaN
3-Oct-2017,NaN,NaN,NaN
4-Oct-2017,NaN,NaN,NaN
5-Oct-2017,NaN,NaN,NaN
6-Oct-2017,NaN,NaN,NaN
7-Oct-2017,NaN,NaN,NaN
8-Oct-2017,NaN,NaN,NaN
9-Oct-2017,NaN,NaN,NaN
10-Oct-2017,NaN,NaN,NaN
11-Oct-2017,NaN,NaN,NaN
12-Oct-2017,NaN,NaN,NaN
13-Oct-2017,NaN,NaN,NaN
14-Oct-2017,NaN,NaN,NaN
15-Oct-2017,NaN,NaN,NaN
16-Oct-2017,NaN,NaN,NaN
17-Oct-2017,NaN,NaN,NaN
18-Oct-2017,NaN,NaN,NaN
19-Oct-2017,NaN,NaN,NaN
20-Oct-2017,NaN,NaN,NaN
21-Oct-2017,NaN,NaN,NaN
22-Oct-2017,NaN,NaN,NaN
23-Oct-2017,NaN,NaN,NaN
24-Oct-2017,NaN,NaN,NaN
25-Oct-2017,NaN,NaN,NaN
26-Oct-2017,NaN,NaN,NaN
27-Oct-2017,NaN,NaN,NaN
28-Oct-2017,NaN,NaN,NaN
29-Oct-2017,NaN,NaN,NaN
30-Oct-2017,NaN,NaN,NaN
31-Oct-2017,NaN,NaN,NaN
1-Nov-2017,NaN,NaN,NaN
2-Nov-2017,NaN,NaN,NaN
3-Nov-2017,NaN,NaN,NaN
4-Nov-2017,NaN,NaN,NaN
5-Nov-2017,NaN,NaN,NaN
6-Nov-2017,NaN,NaN,NaN
7-Nov-2017,NaN,NaN,NaN
8-Nov-2017,NaN,NaN,NaN
9-Nov-2017,NaN,NaN,NaN
10-Nov-2017,NaN,NaN,NaN
11-Nov-2017,NaN,NaN,NaN
12-Nov-2017,NaN,NaN,NaN
13-Nov-2017,NaN,NaN,NaN
14-Nov-2017,NaN,NaN,NaN
15-Nov-2017,NaN,NaN,NaN
16-Nov-2017,NaN,NaN,NaN
17-Nov-2017,NaN,NaN,NaN
18-Nov-2017,NaN,NaN,NaN
19-Nov-2017,NaN,NaN,NaN
20-Nov-2017,NaN,NaN,NaN
21-Nov-2017,NaN,NaN,NaN
22-Nov-2017,NaN,NaN,NaN
23-Nov-2017,NaN,NaN,NaN
24-Nov-2017,NaN,NaN,NaN
25-Nov-2017,NaN,NaN,NaN
26-Nov-2017,NaN,NaN,NaN
27-Nov-2017,NaN,NaN,NaN
28-Nov-2017,NaN,NaN,NaN
29-Nov-2017,NaN,NaN,NaN
30-Nov-2017,NaN,NaN,NaN
1-Dec-2017,NaN,NaN,NaN
2-Dec-2017,NaN,NaN,NaN
3-Dec-2017,NaN,NaN,NaN
4-Dec-2017,NaN,NaN,NaN
5-Dec-2017,NaN,NaN,NaN
6-Dec-2017,NaN,NaN,NaN
7-Dec-2017,NaN,NaN,NaN
8-Dec-2017,NaN,NaN,NaN
9-Dec-2017,NaN,NaN,NaN
10-Dec-2017,NaN,NaN,NaN
11-Dec-2017,NaN,NaN,NaN
12-Dec-2017,NaN,NaN,NaN
13-Dec-2017,NaN,NaN,NaN
14-Dec-2017,17.1431299,17.03058333,16.40478151
15-Dec-2017,17.25142157,16.73083333,16.05964461
16-Dec-2017,17.33886949,16.6703125,16.07071752
17-Dec-2017,17.14721324,16.49869792,16.47579044
18-Dec-2017,16.4853799,16.37861458,16.33388419
19-Dec-2017,16.81907782,16.55615625,16.39333211
20-Dec-2017,16.97964032,16.64372917,16.31498836
21-Dec-2017,16.49233824,16.054875,16.14119669
22-Dec-2017,16.12173407,15.97744792,16.23259252
23-Dec-2017,16.11896324,16.09880208,16.25430086
24-Dec-2017,16.2182549,16.02414583,16.13504044
25-Dec-2017,16.34430699,16.03994792,15.87381127
26-Dec-2017,16.53428615,16.2565,15.85299877
27-Dec-2017,16.42591115,16.18786458,15.81731127
28-Dec-2017,16.52918199,15.78471875,15.99118627
29-Dec-2017,16.35123407,15.87211458,16.10633211
30-Dec-2017,16.49758824,15.99729167,15.99923836
31-Dec-2017,16.4308799,15.927625,16.08946752
1-Jan-2018,16.51914032,16.08677083,16.17270711
2-Jan-2018,16.50746324,15.88071875,16.02854044
3-Jan-2018,16.46972365,15.93759375,15.98107169
4-Jan-2018,16.59967157,16.12435417,16.02065502
5-Jan-2018,16.74373407,16.37467708,16.30588419
6-Jan-2018,16.82724449,16.3638125,16.16487377
7-Jan-2018,16.76435907,16.31808333,15.88654044
8-Jan-2018,16.85489032,16.04284375,15.80195711
9-Jan-2018,16.91330699,16.39553125,16.15779044
10-Jan-2018,16.82495282,16.12017708,16.04739461
11-Jan-2018,16.72666115,16.18705208,16.17385294
12-Jan-2018,16.78127574,16.17504167,15.99076961
13-Jan-2018,16.7205674,16.09257292,15.69080086
14-Jan-2018,16.6173799,16.12227083,15.93743627
15-Jan-2018,16.57377574,16.03702083,16.02793627
16-Jan-2018,16.3185674,15.67419792,15.77723836
17-Jan-2018,16.33655699,15.77664583,15.94628002
18-Jan-2018,16.45748407,15.90983333,15.86674877
19-Jan-2018,16.68896324,16.117625,16.17574877
20-Jan-2018,16.6423799,15.92469792,15.73991544
21-Jan-2018,14.39455699,13.63107292,13.70436336
22-Jan-2018,14.57391115,14.3163125,14.60668627
23-Jan-2018,14.72857782,14.4051875,14.29866544
24-Jan-2018,14.64871324,13.84635417,14.28723836
25-Jan-2018,14.75267157,14.43710417,14.60928002
26-Jan-2018,14.2897549,13.73734375,14.32987377
27-Jan-2018,14.41451532,14.16477083,14.34955086
28-Jan-2018,14.52621324,13.94483333,14.13414461
29-Jan-2018,14.35710907,13.75638542,14.22507169
30-Jan-2018,14.59695282,14.66470833,14.59931127
31-Jan-2018,15.09873407,14.77445833,14.57128002
1-Feb-2018,15.3430049,14.94279167,14.86556127
2-Feb-2018,15.49010907,15.02659375,14.95036336
3-Feb-2018,15.58171324,14.92788542,14.90255086
4-Feb-2018,15.55583824,14.91484375,14.89637377
5-Feb-2018,15.51897365,14.99466667,14.83937377
6-Feb-2018,15.43633824,15.08210417,14.77240502
7-Feb-2018,15.76678615,15.26125,15.31770711
8-Feb-2018,15.7279424,15.07002083,15.38931127
9-Feb-2018,15.69402574,15.37777083,15.30273836
10-Feb-2018,16.21443199,15.81955208,15.76651961
11-Feb-2018,16.31049449,15.80947917,15.82113419
12-Feb-2018,16.39902574,15.75269792,15.85696752
13-Feb-2018,15.7865049,15.01833333,15.15743627
14-Feb-2018,16.08901532,15.63046875,15.43204044
15-Feb-2018,16.19753615,15.62248958,15.47581127
16-Feb-2018,16.07221324,15.55679167,15.31645711
17-Feb-2018,16.24126532,15.67117708,15.25973836
18-Feb-2018,16.34129657,15.807375,15.20500919
19-Feb-2018,16.31434865,15.41307292,15.09801961
20-Feb-2018,13.71697365,13.27513542,13.04566544
21-Feb-2018,13.82615074,13.44947917,13.66040502
22-Feb-2018,13.94424449,13.24446875,13.76708211
23-Feb-2018,13.98209865,12.69196875,13.10508211
24-Feb-2018,12.21284865,11.4793125,11.74763419
25-Feb-2018,12.70010907,12.04116667,12.10853002
26-Feb-2018,13.18355699,12.11877083,12.52205086
27-Feb-2018,13.50686949,11.88354167,12.15278002
28-Feb-2018,13.65979657,12.05539583,12.20061336
1-Mar-2018,14.01153615,12.97967708,12.90040502
2-Mar-2018,14.42021324,13.2969375,13.04494669
3-Mar-2018,14.97930699,13.68742708,13.48363419
4-Mar-2018,14.68732782,13.35658333,13.18340502
5-Mar-2018,13.64726532,12.804375,12.48933211
6-Mar-2018,13.5701299,12.82746875,13.05629044
7-Mar-2018,13.5670674,13.11085417,13.00619669
8-Mar-2018,13.62247365,12.60419792,12.58379044
9-Mar-2018,13.77221324,13.190625,13.46832169
10-Mar-2018,14.52307782,13.84992708,13.87809252
11-Mar-2018,14.99910907,14.35041667,14.25703002
12-Mar-2018,15.24836949,14.66969792,14.48442586
13-Mar-2018,15.25528615,14.3064375,14.07400919
14-Mar-2018,15.0228799,13.93332292,13.95325919
15-Mar-2018,15.16239032,12.94458333,13.33910294
16-Mar-2018,13.95924449,11.82702083,11.90547794
17-Mar-2018,13.64590074,11.85032292,12.59413419
18-Mar-2018,13.33893199,11.63491667,11.91862377
19-Mar-2018,13.6055049,12.10130208,12.41495711
20-Mar-2018,13.73439032,12.31995833,12.88988419
21-Mar-2018,14.31190074,12.45265625,12.75118627
22-Mar-2018,14.26558824,12.77835417,13.14635294
23-Mar-2018,14.62467157,13.18517708,13.24437377
24-Mar-2018,14.21693199,12.4218125,12.29107169
25-Mar-2018,14.10158824,11.74597917,12.27460294
26-Mar-2018,12.95322365,11.45161458,12.16184252
27-Mar-2018,12.5041924,11.39998958,11.43709252
28-Mar-2018,13.30052574,11.51701042,12.20240502
29-Mar-2018,13.73248407,12.14867708,12.49371752
30-Mar-2018,13.57523407,11.96230208,12.18054044
31-Mar-2018,13.22379657,11.15779167,11.13831127
1-Apr-2018,13.70471324,11.27790625,11.31415502
2-Apr-2018,13.8845674,12.13925,12.34892586
3-Apr-2018,13.7216924,12.24930208,12.46907169
4-Apr-2018,13.74003615,12.34577083,12.39381127
5-Apr-2018,13.30752574,12.50072917,13.01670711
6-Apr-2018,13.6493174,12.87428125,13.19769669
7-Apr-2018,14.2303174,13.18072917,13.60572794
8-Apr-2018,14.31610907,13.43992708,13.65406127
9-Apr-2018,13.71378615,12.94139583,13.25875919
10-Apr-2018,13.95433824,12.75953125,13.32095711
11-Apr-2018,13.96601532,12.5163125,13.00975919
12-Apr-2018,13.94990074,12.43275,12.63780086
13-Apr-2018,11.94452574,10.89854167,10.87725919
14-Apr-2018,12.41559865,11.75682292,11.93731127
15-Apr-2018,12.68635907,11.9859375,12.05122794
16-Apr-2018,12.5000049,11.57107292,11.97746752
17-Apr-2018,11.94867157,10.57766667,11.04541544
18-Apr-2018,11.52046324,10.47202083,10.94431127
19-Apr-2018,11.8508799,11.30582292,11.54055086
20-Apr-2018,12.10067157,11.3381875,11.76447794
21-Apr-2018,12.43909865,11.862375,12.18376961
22-Apr-2018,12.56749449,11.87240625,12.41793627
23-Apr-2018,13.28478615,12.48301042,12.82741544
24-Apr-2018,13.69726532,12.88890625,13.12929044
25-Apr-2018,13.4533799,12.95219792,12.82095711
26-Apr-2018,13.59768199,13.07321875,12.41634252
27-Apr-2018,13.7703174,13.18035417,12.63532169
28-Apr-2018,13.79671324,13.2248125,13.08968627
29-Apr-2018,14.85878615,14.19691667,13.55945711
30-Apr-2018,15.02435907,13.9424375,13.62523836
1-May-2018,14.21097365,13.32369792,13.45524877
2-May-2018,13.81190074,13.01725,13.79660294
3-May-2018,13.68499449,12.9135625,13.58583211
4-May-2018,13.04840074,12.40994792,12.51050919
5-May-2018,12.11483824,11.26903125,11.50921752
6-May-2018,11.42751532,10.84071875,10.91710294
7-May-2018,11.84533824,11.16011458,11.67201961
8-May-2018,12.76579657,11.9983125,12.35257169
9-May-2018,14.12522365,14.0918125,13.38978002
10-May-2018,15.64397365,15.28592708,13.92503002
11-May-2018,17.31499449,15.87802083,14.01939461
12-May-2018,17.47147365,16.43482292,15.45965502
13-May-2018,15.92946324,14.82319792,15.06290502
14-May-2018,15.68714032,14.94713542,14.78108211
15-May-2018,14.58555699,13.62525,13.40233211
16-May-2018,14.09711949,13.21598958,12.52196752
17-May-2018,13.3080674,12.04498958,12.40461336
18-May-2018,14.02603615,13.08453125,12.89994669
19-May-2018,14.40043199,13.29028125,13.35232169
20-May-2018,13.77151532,12.92058333,13.37713419
21-May-2018,13.78051532,13.14480208,13.24036336
22-May-2018,14.85346324,14.12958333,14.12111336
23-May-2018,16.27358824,15.11859375,14.44732169
24-May-2018,15.9470674,15.12103125,14.13409252
25-May-2018,15.73628615,14.90788542,14.08006127
26-May-2018,14.5019424,12.96721875,12.99199877
27-May-2018,15.62085907,13.54254167,13.77393627
28-May-2018,15.28634865,13.29253125,13.02586336
29-May-2018,13.76618199,12.35144792,12.43413419
30-May-2018,14.75559865,13.81167708,13.18326961
31-May-2018,14.83122365,13.58151042,13.95483211
1-Jun-2018,13.98770282,12.53119792,13.17495711
2-Jun-2018,14.36746324,13.0829375,13.24259252
3-Jun-2018,14.25710907,13.26025,13.43145711
4-Jun-2018,14.04836949,13.10932292,13.68130086
5-Jun-2018,15.66267157,14.56634375,15.70069669
6-Jun-2018,16.35229657,15.62792708,15.51468627
7-Jun-2018,15.2470049,15.07559375,14.69334252
8-Jun-2018,15.44889032,14.71217708,14.59593627
9-Jun-2018,16.03561949,15.17657292,15.12720711
10-Jun-2018,16.4022549,15.57536458,15.34014461
11-Jun-2018,17.02857782,16.56527083,15.49819669
12-Jun-2018,17.42707782,16.41761458,15.27756127
13-Jun-2018,17.21181799,16.54666072,16.37072831
14-Jun-2018,16.16728823,14.69918876,15.48211478
15-Jun-2018,16.31528253,14.41975422,15.52419674
16-Jun-2018,16.5831259,15.36585032,16.3158764
17-Jun-2018,17.53743698,16.71892705,17.66276328
18-Jun-2018,17.83767726,16.66413348,17.25918907
19-Jun-2018,16.62015837,15.76516012,16.42782303
20-Jun-2018,16.90454979,16.85253322,16.63733078
21-Jun-2018,17.5280526,17.37153351,17.27947742
22-Jun-2018,17.35465573,16.94374027,16.90072556
23-Jun-2018,17.60988278,17.12169075,16.95626765
24-Jun-2018,18.98326042,18.71577309,18.87897669
25-Jun-2018,19.0305217,18.44203938,18.7494989
26-Jun-2018,17.32121788,17.46995414,17.40887375
27-Jun-2018,17.55039618,17.01257124,16.6296239
28-Jun-2018,16.4445,15.70388284,16.02263568
29-Jun-2018,17.29120868,16.24115432,16.46055995
30-Jun-2018,17.95421823,17.14118163,17.69153403
1-Jul-2018,18.61329997,18.26124767,18.99219552
2-Jul-2018,18.54374205,17.5052999,17.93626723
3-Jul-2018,16.96504378,15.56366925,17.28952733
4-Jul-2018,17.73240149,17.94984339,18.14297943
5-Jul-2018,17.6270067,16.34904826,16.59755773
6-Jul-2018,14.02535594,13.49354744,14.94053236
7-Jul-2018,14.40685451,13.95000257,14.81146514
8-Jul-2018,17.44420215,16.23042811,17.34762778
9-Jul-2018,18.68849729,17.72051464,18.11893242
10-Jul-2018,19.94013003,18.64990203,18.67905112
11-Jul-2018,19.97605969,19.4620446,19.74203152
12-Jul-2018,20.08506753,18.71852405,19.82735929
13-Jul-2018,18.92855712,18.46616506,18.45506002
14-Jul-2018,18.72687566,18.06446878,17.95111478
15-Jul-2018,18.61875267,17.88451012,17.83597591
16-Jul-2018,19.59308017,18.81650675,18.47741405
17-Jul-2018,19.39411719,17.79381125,17.56997012
18-Jul-2018,17.31456444,16.02919824,17.01263152
19-Jul-2018,17.23904962,16.79406804,17.91639236
20-Jul-2018,17.38699253,16.2632056,17.67444789
21-Jul-2018,16.1605783,15.15052403,16.44227287
22-Jul-2018,14.37953007,13.612053,15.01927262
23-Jul-2018,13.75876885,13.59399083,14.89259904
24-Jul-2018,14.75599497,14.29391553,15.81902262
25-Jul-2018,16.11777208,15.41181523,16.05264322
26-Jul-2018,16.44129097,15.16384182,16.3747387
27-Jul-2018,17.04624205,16.49545604,17.6185252
28-Jul-2018,16.88453743,16.20527438,17.12265127
29-Jul-2018,18.4844884,17.83986103,19.0143126
30-Jul-2018,17.27329885,16.5328724,17.83993889
31-Jul-2018,17.22423052,16.77293979,17.77698601
1-Aug-2018,17.78623417,16.81821385,17.12264972
2-Aug-2018,17.43175212,16.32828899,16.53016679
3-Aug-2018,18.09064424,16.70286206,17.49041161
4-Aug-2018,18.46885948,17.12294956,18.35600411
5-Aug-2018,19.2175725,18.49459375,19.31781654
6-Aug-2018,19.67250187,18.93334146,18.89610581
7-Aug-2018,19.70242097,18.97412493,19.06677361
8-Aug-2018,20.51074292,19.78179753,20.0350706
9-Aug-2018,19.41050413,19.2516589,20.11868503
10-Aug-2018,19.19594691,18.51918292,19.10158345
11-Aug-2018,20.19164677,19.06842221,19.24300156
12-Aug-2018,19.10548326,18.33729495,18.48296361
13-Aug-2018,19.36467503,18.86299381,18.66228662
14-Aug-2018,19.9231133,19.46351682,18.88550031
15-Aug-2018,20.70570243,20.2465301,19.10466407
16-Aug-2018,21.06727733,19.36658066,19.21358603
17-Aug-2018,19.87068486,18.2053477,20.25707836
18-Aug-2018,17.90692437,16.72619495,18.06227111
19-Aug-2018,16.36310083,15.61614748,17.5447892
20-Aug-2018,17.08060309,16.03637209,17.77720198
21-Aug-2018,18.16630938,16.77848597,19.11659637
22-Aug-2018,19.25067281,18.26840105,19.08260694
23-Aug-2018,19.0822534,18.517248,18.62663432
24-Aug-2018,19.28473642,17.96440854,18.32044416
25-Aug-2018,19.01364583,17.7086953,18.25692462
26-Aug-2018,18.40744733,16.80770286,17.68883223
27-Aug-2018,16.73945462,15.99436326,17.59756939
28-Aug-2018,16.07730948,15.64065813,17.09253928
29-Aug-2018,15.95470705,15.29433127,16.40865874
30-Aug-2018,15.03117812,14.451148,15.84619704
31-Aug-2018,14.73909118,14.63563036,15.60588956
1-Sep-2018,15.48850375,15.33772009,16.59594399
2-Sep-2018,17.04679184,17.78140472,18.25958084
3-Sep-2018,20.67748,19.4615814,18.94653008
4-Sep-2018,19.65151149,17.92903773,18.61559403
5-Sep-2018,18.46413417,18.44644534,18.71563569
6-Sep-2018,17.43881479,17.47529038,17.67836973
7-Sep-2018,16.59090378,16.73667479,16.80767934
8-Sep-2018,17.38614618,17.43752176,17.00404131
9-Sep-2018,17.7208009,18.32950244,17.77247799
10-Sep-2018,18.66373028,19.12990803,18.32253273
11-Sep-2018,18.91666667,18.62934197,18.74393358
12-Sep-2018,18.74062705,18.66594806,19.38396649
13-Sep-2018,19.34928951,18.60722924,19.78500264
14-Sep-2018,19.11128795,18.36585223,18.98441944
15-Sep-2018,18.89974931,17.70977664,17.9282464
16-Sep-2018,18.38309972,16.8077865,17.70494294
17-Sep-2018,19.23905194,16.94020308,17.88342728
18-Sep-2018,16.75090604,15.36833263,16.89444552
19-Sep-2018,15.36744698,14.90963439,16.85915766
20-Sep-2018,16.51738479,15.92491091,18.57416403
21-Sep-2018,19.87026573,18.82586848,19.28122824
22-Sep-2018,18.54075545,17.89795021,18.49775407
23-Sep-2018,16.3191266,15.77515661,17.71988568
24-Sep-2018,17.01844014,16.67374964,18.1018592
25-Sep-2018,18.6827726,18.63769792,18.43367752
26-Sep-2018,18.02960007,17.62578968,17.45407569
27-Sep-2018,16.31924205,15.86123907,16.91802749
28-Sep-2018,15.82758514,15.90825286,17.28951568
29-Sep-2018,17.77195181,17.64221155,18.1581004
30-Sep-2018,17.76209326,17.00408889,17.16803299
1-Oct-2018,16.05006361,15.92979777,17.41474443
2-Oct-2018,15.68385417,15.38143234,16.23927284
3-Oct-2018,16.29899372,16.20798958,17.22779565
4-Oct-2018,17.57282274,16.72577741,18.07349737
5-Oct-2018,18.52282944,17.47648078,18.61158741
6-Oct-2018,19.07269705,17.71830466,17.93953273
7-Oct-2018,18.51363313,17.92003057,18.83463044
8-Oct-2018,19.5317267,19.19817127,19.03662899
9-Oct-2018,18.61842427,18.00663049,18.70770328
10-Oct-2018,18.98085361,18.25082392,18.38690911
11-Oct-2018,18.47751924,17.43828289,18.30263044
12-Oct-2018,17.74441472,17.13475575,17.07737406
13-Oct-2018,16.55833854,15.38404116,15.73352233
14-Oct-2018,16.17504576,15.63855259,16.19281269
15-Oct-2018,16.45340326,16.31537087,16.95874236
16-Oct-2018,16.95475993,16.80054885,17.21926313
17-Oct-2018,17.57323924,16.85096872,17.10732303
18-Oct-2018,17.10659885,16.50393979,16.70714086
19-Oct-2018,16.06144528,16.13316928,16.60543481
20-Oct-2018,15.81338062,15.40179002,16.63544162
21-Oct-2018,16.30371135,15.55018122,16.67076998
22-Oct-2018,17.38401837,16.03722635,16.85337108
23-Oct-2018,17.59198924,17.16973693,17.46661736
24-Oct-2018,18.33163399,18.1333112,18.08946361
25-Oct-2018,18.99774736,18.78373794,18.65728661
26-Oct-2018,19.42737465,19.15353777,18.85733749
27-Oct-2018,19.21590007,18.01824839,18.71979323
28-Oct-2018,18.73221767,18.0387461,18.52967865
29-Oct-2018,18.43711035,17.8344603,18.4175405
30-Oct-2018,18.19037184,18.15604753,18.65255752
31-Oct-2018,18.05811264,18.20064809,18.50966808
1-Nov-2018,18.20090375,17.98012697,18.53473581
2-Nov-2018,18.14169035,18.07270862,19.07557828
3-Nov-2018,18.76616438,18.68286032,19.63939716
4-Nov-2018,19.43009444,19.27785417,19.90380874
5-Nov-2018,19.47770851,19.26009994,19.92761348
6-Nov-2018,19.52866667,19.39779786,19.90485307
7-Nov-2018,19.41759323,19.20559375,19.81941177
8-Nov-2018,18.92369757,18.77848536,19.14210686
9-Nov-2018,18.90736458,18.55444595,19.09126449
10-Nov-2018,19.05581549,18.7986211,19.40526319
11-Nov-2018,18.96965625,18.66753125,19.2706239
12-Nov-2018,18.77208299,18.62199578,19.00814207
13-Nov-2018,18.65460365,18.60819988,18.67706019
14-Nov-2018,18.33495816,18.47745833,18.38761866
15-Nov-2018,18.39597934,18.25950816,18.49783869
16-Nov-2018,18.43712535,17.92670866,18.8249989
17-Nov-2018,18.44698941,18.24637468,18.85665637
18-Nov-2018,18.52891667,18.22080208,18.87951586
19-Nov-2018,18.45997899,18.30428744,18.80903015
20-Nov-2018,18.37751042,18.2101816,18.88738941
21-Nov-2018,18.53417795,18.17427054,18.87548727
22-Nov-2018,18.91866632,18.33880828,19.02034387
23-Nov-2018,18.0350408,17.84233169,18.86279444
24-Nov-2018,18.03528142,17.98950164,18.9876772
25-Nov-2018,18.36892743,18.21091047,19.02711348
26-Nov-2018,18.16265906,17.8582858,18.44823978
27-Nov-2018,17.80136458,17.44817515,17.9525719
28-Nov-2018,17.59307257,17.15497884,18.00847532
29-Nov-2018,17.88037517,17.75688345,18.75935041
30-Nov-2018,16.58140101,16.31381628,17.41765387
1-Dec-2018,15.04976545,15.62931752,16.87228539
2-Dec-2018,14.90935045,14.4745227,15.47796047
3-Dec-2018,14.03538521,14.04997073,15.51190938
4-Dec-2018,15.6156992,15.48747729,15.82070723
5-Dec-2018,16.31168715,16.21975258,15.71489322
6-Dec-2018,16.51058087,16.61579331,16.1163415
7-Dec-2018,16.62584622,15.93115029,16.29541693
8-Dec-2018,16.13008351,15.79853102,16.54405105
9-Dec-2018,16.31943434,16.13961491,16.80708475
10-Dec-2018,16.30697191,16.30507095,16.94991039
11-Dec-2018,16.45462219,16.45761426,17.03231931
12-Dec-2018,16.7647816,16.76253744,17.35711606
13-Dec-2018,16.77899667,16.78925619,17.50261736
14-Dec-2018,16.7833259,16.70805208,17.55225917
15-Dec-2018,16.71662517,16.69908756,17.44493777
16-Dec-2018,16.78622917,16.70793131,17.46501571
17-Dec-2018,16.92934059,16.83386458,17.30810961
18-Dec-2018,16.89036458,16.79420411,17.48164998
19-Dec-2018,16.77974292,16.64076042,17.3449767
20-Dec-2018,16.64703108,16.56157066,17.02650278
21-Dec-2018,16.5941875,16.35805044,16.63115515
22-Dec-2018,16.66736458,16.42701628,16.93922928
23-Dec-2018,16.57846858,16.35575,17.07109265
24-Dec-2018,16.35678125,16.28441925,16.94904444
25-Dec-2018,16.07482128,15.78209192,16.43076681
26-Dec-2018,13.74641771,13.66867522,14.39648428
27-Dec-2018,14.70918979,14.6767436,15.94723619
28-Dec-2018,15.06709375,15.18751887,16.13601822
29-Dec-2018,15.8489416,15.97426042,16.00474775
30-Dec-2018,16.06247635,15.84371359,16.10519818
31-Dec-2018,16.362455,16.23290883,16.41167986
1-Jan-2019,16.1565584,16.01626661,16.31410809
2-Jan-2019,15.95919458,15.8714931,15.99492986
3-Jan-2019,15.96590958,15.7175069,16.18485831
4-Jan-2019,16.09337167,16.03011881,16.26943389
5-Jan-2019,16.23301375,15.8982233,15.9370167
6-Jan-2019,16.08131215,15.5769635,15.97793928
7-Jan-2019,15.56774608,15.50706672,16.31611333
8-Jan-2019,15.78778851,15.72091244,16.3836864
9-Jan-2019,15.97007274,15.70181414,16.12722038
10-Jan-2019,15.65889601,15.73290883,16.49222655
11-Jan-2019,16.07806677,15.85295059,16.55293138
12-Jan-2019,16.24477083,16.12633333,16.73648331
13-Jan-2019,16.27790608,16.18797917,16.74053266
14-Jan-2019,16.19460733,16.01148433,16.54591154
15-Jan-2019,15.96121149,15.66836036,16.38382167
16-Jan-2019,15.86568417,15.53105105,16.22269028
17-Jan-2019,15.83981583,15.49613903,16.27919431
18-Jan-2019,15.85058017,15.68795998,16.45153927
19-Jan-2019,15.99216684,15.94053289,16.65516944
20-Jan-2019,16.05128108,15.94392905,16.77330098
21-Jan-2019,15.94125316,15.61832437,16.52882145
22-Jan-2019,14.16861545,13.95399175,14.74550917
23-Jan-2019,14.41375844,14.75134168,15.42423885
24-Jan-2019,15.17173174,14.81118225,16.02758072
25-Jan-2019,15.00836458,14.71918328,15.49494127
26-Jan-2019,14.47015625,14.30363397,15.31660443
27-Jan-2019,14.60319868,14.84963851,15.52385443
28-Jan-2019,15.16645201,14.9258125,15.74296902
29-Jan-2019,15.15414174,15.17073958,15.94394028
30-Jan-2019,15.34028944,15.31546884,16.25453554
31-Jan-2019,15.57896858,15.78177341,16.48641693
1-Feb-2019,15.78207625,15.546026,16.17776822
2-Feb-2019,15.49522174,15.34202703,16.10612778
3-Feb-2019,15.37019476,15.34896875,16.10636736
4-Feb-2019,15.49160434,15.46312242,16.16695069
5-Feb-2019,15.51429149,15.48036097,16.24564207
6-Feb-2019,15.22548566,15.19280466,15.69727073
7-Feb-2019,15.06100708,15.1249375,15.62776722
8-Feb-2019,15.26403142,15.24921978,15.81376707
9-Feb-2019,15.46634375,15.29528383,15.91622556
10-Feb-2019,15.49871542,15.31203806,15.99902749
11-Feb-2019,15.10301691,15.00450258,15.65235809
12-Feb-2019,15.06965608,14.915013,15.64666291
13-Feb-2019,15.08949292,14.885,15.48218488
14-Feb-2019,14.96529149,14.65591925,15.30111736
15-Feb-2019,14.84016667,14.65972659,15.4633247
16-Feb-2019,14.92758351,14.80754641,15.62979544
17-Feb-2019,14.14840382,13.99869708,15.17494264
18-Feb-2019,13.18698892,12.45440846,13.36427736
19-Feb-2019,12.4901626,12.00842927,13.00495708
20-Feb-2019,13.17686622,12.784121,13.41892986
21-Feb-2019,13.89695875,12.68709999,13.28694916
22-Feb-2019,13.4736525,12.13687557,12.7982439
23-Feb-2019,13.55780427,12.94270777,13.31111333
24-Feb-2019,13.66076424,13.09750057,13.74658193
25-Feb-2019,13.55322274,12.79725243,13.54560016
26-Feb-2019,13.68328833,13.03098015,13.97313417
27-Feb-2019,13.57488917,13.22354528,14.01121999
28-Feb-2019,13.83511184,13.49804189,14.44958293
1-Mar-2019,14.12811441,13.88911778,14.49381125
2-Mar-2019,13.96819476,13.92588222,14.40606694
3-Mar-2019,14.23460458,13.93816625,14.57198485
4-Mar-2019,14.24274292,13.35629506,13.66699914
5-Mar-2019,14.02874292,12.86801061,13.82644101
6-Mar-2019,14.06893042,13.3692328,13.99569431
7-Mar-2019,14.10350042,13.92381972,14.22464931
8-Mar-2019,13.8043225,13.04949295,13.89400184
9-Mar-2019,13.19723458,11.81318612,12.50878094
10-Mar-2019,13.24009375,12.82994249,13.66003736
11-Mar-2019,13.77673649,13.46569593,13.58439056
12-Mar-2019,13.43785083,13.27479326,14.03954735
13-Mar-2019,13.15442878,12.86040944,13.32645821
14-Mar-2019,13.36616497,13.21455889,13.89010458
15-Mar-2019,13.61706583,13.52489925,14.14498903
16-Mar-2019,13.6567125,13.47849339,14.05004902
17-Mar-2019,13.49430167,13.28132994,14.10663126
18-Mar-2019,13.83077635,13.66654528,14.52403318
19-Mar-2019,14.34201632,14.16433478,14.84275193
20-Mar-2019,14.54901903,14.78585984,15.37538872
21-Mar-2019,14.97031899,14.52784375,15.21359113
22-Mar-2019,14.73547899,14.37399123,15.50570609
23-Mar-2019,15.06540566,14.60686716,15.45993488
24-Mar-2019,14.78437969,14.89738274,15.41097337
25-Mar-2019,14.76572663,14.530148,15.35202513
26-Mar-2019,14.35315625,13.94724256,14.51792432
27-Mar-2019,14.04323583,13.27496253,14.05319775
28-Mar-2019,14.40464017,12.62474919,13.80143807
29-Mar-2019,14.34460691,12.52554928,13.68590125
30-Mar-2019,14.13359101,12.78635016,13.98753015
31-Mar-2019,13.90113302,12.84134058,13.97666139
1-Apr-2019,14.35039267,13.00276681,13.989115
2-Apr-2019,14.5160584,13.55259778,14.63503355
3-Apr-2019,14.66844569,13.76611395,14.44504644
4-Apr-2019,14.71692708,13.32160078,14.54149388
5-Apr-2019,14.36627837,13.96151764,14.71231177
6-Apr-2019,13.93890493,13.6359475,14.70322153
7-Apr-2019,14.08199993,14.15594142,15.13484287
8-Apr-2019,14.65255208,14.82340212,14.79168755
9-Apr-2019,14.29936066,13.72123738,14.04285733
10-Apr-2019,11.85868236,11.28913892,12.187494
11-Apr-2019,11.83003753,11.20407388,11.80455936
12-Apr-2019,11.67651448,11.41802241,12.82489964
13-Apr-2019,12.52982569,12.26988878,13.19919485
14-Apr-2019,13.10135441,12.71567529,13.44464168
15-Apr-2019,12.81471476,12.3409375,13.14869539
16-Apr-2019,13.14672691,12.72803685,13.76190558
17-Apr-2019,13.99191135,13.33256294,14.07525193
18-Apr-2019,13.86749549,13.2325244,13.84931916
19-Apr-2019,13.86407161,12.97122816,13.76642683
20-Apr-2019,13.47155313,12.94663492,13.95002428
21-Apr-2019,13.94806875,13.44647133,13.88533696
22-Apr-2019,14.31654271,13.56765439,13.62049557
23-Apr-2019,15.12696458,13.54336137,13.87630369
24-Apr-2019,15.14536563,13.43607655,14.35515381
25-Apr-2019,15.0301,13.28389944,14.47395306
26-Apr-2019,14.75101146,13.74174319,14.75921917
27-Apr-2019,15.30036042,14.24995069,14.70962375
28-Apr-2019,15.542725,14.25948061,14.78285694
29-Apr-2019,15.856475,14.52915512,14.82668623
30-Apr-2019,16.27337604,13.98640613,14.80524877
1-May-2019,15.62764167,13.58341667,14.7460394
2-May-2019,14.37721979,13.4603155,14.49148597
3-May-2019,14.18517813,13.60197639,14.19123446
4-May-2019,14.32036562,13.71489047,14.63487778
5-May-2019,14.09926146,13.37806383,13.88998212
6-May-2019,13.16106354,12.2232953,13.20596166
7-May-2019,12.79286563,11.71302525,12.87308793
8-May-2019,12.95674583,11.89248816,13.35476816
9-May-2019,13.41783958,12.33136016,13.35247571
10-May-2019,13.72751667,12.55478125,14.01356419
11-May-2019,15.07760521,13.47026241,14.38035125
12-May-2019,15.78874583,13.2887526,14.27786997
13-May-2019,16.20689688,13.82445287,14.60629862
14-May-2019,15.74933438,14.28736149,14.77061861
15-May-2019,15.00162083,13.96933591,14.67343274
16-May-2019,16.19569375,14.76776506,15.2094183
17-May-2019,14.10680833,12.57627184,13.08167088
18-May-2019,14.32307917,12.38072288,13.57362781
19-May-2019,14.04324063,12.91592752,13.15301235
20-May-2019,14.35439687,12.51756296,12.8216265
21-May-2019,13.67771458,11.4320655,11.74021059
22-May-2019,13.19082917,11.07234367,11.80320005
23-May-2019,12.66136042,11.62563179,12.55337906
24-May-2019,13.44154271,12.30749125,12.81473194
25-May-2019,13.11218333,11.85373231,12.50481522
26-May-2019,13.70954271,11.73517251,13.031357
27-May-2019,13.52314687,11.75032638,12.6828485
28-May-2019,12.82407396,11.66964837,13.25272156
29-May-2019,13.49602187,12.89704565,13.9331216
30-May-2019,13.57579271,12.65085758,13.37964025
31-May-2019,14.10271458,13.18772422,13.75389655
1-Jun-2019,14.76020417,13.64216934,14.54955241
2-Jun-2019,13.88593854,13.62143328,14.63065578
3-Jun-2019,13.53933958,13.01344328,14.03660307
4-Jun-2019,14.23625625,12.85472339,13.6781981
5-Jun-2019,14.27408437,13.75033929,14.38456398
6-Jun-2019,15.07861042,14.24882995,14.85088167
7-Jun-2019,16.18335,14.89719017,15.09579544
8-Jun-2019,16.1120375,15.02108826,15.78710609
9-Jun-2019,16.58696979,15.70380809,16.34330032
10-Jun-2019,16.00744896,15.15075939,15.41793961
11-Jun-2019,15.44868333,14.19179768,15.44267846
12-Jun-2019,16.49819896,NaN,16.26831916
13-Jun-2019,17.07870938,NaN,16.12821972
14-Jun-2019,16.34700625,NaN,15.88633947
15-Jun-2019,16.657975,NaN,15.95224052
16-Jun-2019,15.71449583,NaN,15.89793152
17-Jun-2019,16.04442292,NaN,15.43620723
18-Jun-2019,16.9449125,NaN,16.63928653
19-Jun-2019,16.45826667,NaN,16.39604719
20-Jun-2019,16.38581875,NaN,15.87127749
21-Jun-2019,17.12112604,NaN,16.32511736
22-Jun-2019,16.86275104,NaN,16.44684063
23-Jun-2019,15.26987083,NaN,14.77217909
24-Jun-2019,14.32570417,NaN,14.98688144
25-Jun-2019,14.5180375,NaN,15.57411507
26-Jun-2019,16.37306354,NaN,16.36877993
27-Jun-2019,16.60650104,NaN,16.47991176
28-Jun-2019,17.38718854,NaN,16.77160019
29-Jun-2019,17.10264688,NaN,16.93348552
30-Jun-2019,17.43233958,NaN,15.45670741
1-Jul-2019,16.45405312,NaN,15.03968137
2-Jul-2019,16.88700104,NaN,15.60936366
3-Jul-2019,17.84038646,NaN,16.38361366
4-Jul-2019,17.69930833,NaN,16.55620741
5-Jul-2019,17.45499583,NaN,16.63887929
6-Jul-2019,17.29867292,NaN,16.59596262
7-Jul-2019,17.88655312,NaN,17.58892616
8-Jul-2019,19.03895417,NaN,17.79477512
9-Jul-2019,18.68720417,NaN,17.21465012
10-Jul-2019,17.54704792,NaN,16.36849387
11-Jul-2019,16.97068854,NaN,15.44538971
12-Jul-2019,16.38316771,NaN,15.61420221
13-Jul-2019,16.41491771,NaN,15.82258241
14-Jul-2019,16.41757396,NaN,16.05808241
15-Jul-2019,15.7576,NaN,15.42279596
16-Jul-2019,15.82127188,NaN,16.4415095
17-Jul-2019,17.827975,NaN,17.70376471
18-Jul-2019,18.86943333,NaN,18.05683762
19-Jul-2019,18.60592813,NaN,17.0017595
20-Jul-2019,18.18467812,NaN,16.68999908
21-Jul-2019,16.65392813,NaN,15.71361887
22-Jul-2019,14.84770937,NaN,14.49391575
23-Jul-2019,14.28110521,NaN,13.92405637
24-Jul-2019,13.44461042,NaN,13.58085846
25-Jul-2019,14.68237083,NaN,14.47686887
26-Jul-2019,15.48435,NaN,14.88851991
27-Jul-2019,16.12506354,NaN,15.42736887
28-Jul-2019,16.33386042,NaN,15.46884804
29-Jul-2019,17.17083958,NaN,16.01209804
30-Jul-2019,18.23331875,NaN,16.13733241
31-Jul-2019,18.7125375,NaN,16.04706158
1-Aug-2019,17.75281354,NaN,16.02923346
2-Aug-2019,15.34344896,NaN,15.08131158
3-Aug-2019,15.29740208,NaN,14.9353845
4-Aug-2019,14.8959125,NaN,14.86142096
5-Aug-2019,14.39396458,NaN,14.52054596
6-Aug-2019,13.61498542,NaN,12.917697
7-Aug-2019,12.89839167,NaN,12.91391054
8-Aug-2019,13.54983958,NaN,14.0541345
9-Aug-2019,14.04742292,NaN,14.49870741
10-Aug-2019,14.76129271,NaN,15.26588971
11-Aug-2019,15.76517812,NaN,15.9016345
12-Aug-2019,17.22808437,NaN,16.67748866
13-Aug-2019,18.22171979,NaN,16.17385325
14-Aug-2019,18.26700104,NaN,14.98613971
15-Aug-2019,18.22999063,NaN,14.96171783
16-Aug-2019,17.427475,NaN,15.16838971
17-Aug-2019,17.88008958,NaN,15.63079596
18-Aug-2019,17.44439687,NaN,16.46262408
19-Aug-2019,16.50476667,NaN,16.04783762
20-Aug-2019,16.42307917,NaN,15.00484283
21-Aug-2019,15.70993854,NaN,14.47483241
22-Aug-2019,16.71507917,NaN,14.80567096
23-Aug-2019,17.94300104,NaN,16.53800429
24-Aug-2019,18.52889687,NaN,16.64437929
25-Aug-2019,17.51818854,NaN,17.228947
26-Aug-2019,17.27961042,NaN,16.38534283
27-Aug-2019,17.42226146,NaN,16.36551991
28-Aug-2019,17.87495937,NaN,16.62868658
29-Aug-2019,18.24105312,NaN,17.17254596
30-Aug-2019,17.02658437,NaN,17.01215012
31-Aug-2019,16.66238646,NaN,16.8753845
1-Sep-2019,16.51695417,NaN,15.86548866
2-Sep-2019,17.66108437,NaN,16.50626991
3-Sep-2019,17.87464167,NaN,17.07197304
4-Sep-2019,17.81068333,NaN,16.66753033
5-Sep-2019,17.52286562,NaN,16.40454596
6-Sep-2019,17.48693333,NaN,16.37015012
7-Sep-2019,17.23186042,NaN,16.68895741
8-Sep-2019,17.52888646,NaN,16.72660846
9-Sep-2019,18.17049583,NaN,17.55723346
10-Sep-2019,19.64808958,NaN,19.02447825
11-Sep-2019,20.88471979,NaN,20.35388971
12-Sep-2019,20.07077187,NaN,19.2095095
13-Sep-2019,17.91486042,NaN,17.15750429
14-Sep-2019,17.09111562,NaN,17.42565012
15-Sep-2019,18.22969375,NaN,17.07280116
16-Sep-2019,17.45924583,NaN,16.97215533
17-Sep-2019,17.98511562,NaN,17.53798346
18-Sep-2019,18.85944375,NaN,17.90953554
19-Sep-2019,19.18814687,NaN,18.59630116
20-Sep-2019,19.28735521,NaN,18.76028033
21-Sep-2019,19.39974063,NaN,18.89465533
22-Sep-2019,18.77854271,NaN,18.27165012
23-Sep-2019,18.94252187,NaN,18.17355637
24-Sep-2019,18.34005833,NaN,18.27390012
25-Sep-2019,16.65682917,NaN,16.58429596
26-Sep-2019,20.20724583,NaN,20.15576471
27-Sep-2019,21.19790729,NaN,19.42120221
28-Sep-2019,20.34326146,NaN,18.44134804
29-Sep-2019,20.02956875,NaN,17.69669179
30-Sep-2019,20.1401625,NaN,17.72982721
1-Oct-2019,18.61086042,NaN,16.69731158
2-Oct-2019,18.74896458,NaN,16.83737929
3-Oct-2019,17.44011563,NaN,16.62244179
4-Oct-2019,15.55338125,NaN,16.08672825
5-Oct-2019,16.04121979,NaN,16.86889491
6-Oct-2019,17.01025104,NaN,16.98589491
7-Oct-2019,15.94075104,NaN,16.52896262
8-Oct-2019,15.28782917,NaN,15.41261887
9-Oct-2019,16.3319125,NaN,15.92952512
10-Oct-2019,17.28877187,NaN,17.08986366
11-Oct-2019,18.31457396,NaN,17.29180637
12-Oct-2019,18.68180313,NaN,17.42973866
13-Oct-2019,18.03598021,NaN,16.65543137
14-Oct-2019,17.29394375,NaN,16.59332721
15-Oct-2019,16.71249062,NaN,16.51831158
16-Oct-2019,15.99609479,NaN,16.27733762
17-Oct-2019,16.38093333,NaN,16.27167096
18-Oct-2019,17.07044375,NaN,16.83390012
19-Oct-2019,16.99416771,NaN,16.87495221
20-Oct-2019,18.0161625,NaN,17.54240533
21-Oct-2019,17.70329792,NaN,16.96891054
22-Oct-2019,17.31199583,NaN,17.31886887
23-Oct-2019,17.10099062,NaN,17.38343658
24-Oct-2019,17.84967292,NaN,18.04542616
25-Oct-2019,18.2307875,NaN,17.809947
26-Oct-2019,18.02208437,NaN,16.90674908
27-Oct-2019,18.72568333,NaN,17.79792616
28-Oct-2019,18.49044896,NaN,18.06018658
29-Oct-2019,18.87499583,NaN,18.02971783
30-Oct-2019,17.86339688,NaN,18.09521262
31-Oct-2019,17.82627188,NaN,18.00095221
1-Nov-2019,17.88019896,NaN,17.57741054
2-Nov-2019,17.54649583,NaN,17.46183241
3-Nov-2019,18.18865208,NaN,16.98555637
4-Nov-2019,17.859975,NaN,17.15868137
5-Nov-2019,17.12103229,NaN,16.21446262
6-Nov-2019,16.32538125,NaN,16.44766575
7-Nov-2019,17.23413125,NaN,16.98318658
8-Nov-2019,17.88651146,NaN,17.41503033
9-Nov-2019,17.95930312,NaN,17.6683845
10-Nov-2019,18.07425625,NaN,17.56606679
11-Nov-2019,18.31067292,NaN,17.66372825
12-Nov-2019,18.22296979,NaN,17.13705637
13-Nov-2019,17.63162083,NaN,16.43160325
14-Nov-2019,17.35224063,NaN,16.86003033
15-Nov-2019,17.14112604,NaN,16.62526991
16-Nov-2019,16.98335,NaN,16.76528554
17-Nov-2019,16.98417813,NaN,17.18160325
18-Nov-2019,17.80729271,NaN,17.67219179
19-Nov-2019,17.95299062,NaN,17.82583241
20-Nov-2019,18.52794375,NaN,17.47342616
21-Nov-2019,17.97914167,NaN,16.78367616
22-Nov-2019,18.20432396,NaN,17.41509283
23-Nov-2019,17.80875104,NaN,17.59596262
24-Nov-2019,17.81027708,NaN,17.73774387
25-Nov-2019,18.18589167,NaN,17.34844179
26-Nov-2019,17.89283958,NaN,17.24217616
27-Nov-2019,17.48601146,NaN,17.12641575
28-Nov-2019,16.42869375,NaN,16.78417096
29-Nov-2019,16.64452188,NaN,17.02195221
30-Nov-2019,16.72293333,NaN,16.86231679
1-Dec-2019,16.66292292,NaN,16.82581158
2-Dec-2019,16.77699583,NaN,16.65398866
3-Dec-2019,16.97305312,NaN,16.81884283
4-Dec-2019,17.01369896,NaN,16.789822
5-Dec-2019,17.19695417,NaN,17.01746783
6-Dec-2019,17.48809479,NaN,17.00926471
7-Dec-2019,17.53677708,NaN,17.17724387
8-Dec-2019,17.59675625,NaN,17.21446262
9-Dec-2019,17.47154271,NaN,17.08536887
10-Dec-2019,17.39600104,NaN,17.04005637
11-Dec-2019,17.34291771,NaN,17.04402512
12-Dec-2019,17.34687604,NaN,16.84340012
13-Dec-2019,17.33570937,NaN,16.62003554
14-Dec-2019,17.199725,NaN,16.76411366
15-Dec-2019,16.49446979,NaN,15.97765012
16-Dec-2019,14.73949583,NaN,14.44245741
17-Dec-2019,14.69593333,NaN,15.16903033
18-Dec-2019,14.9385375,NaN,15.48246262
19-Dec-2019,15.38649583,NaN,15.51580637
20-Dec-2019,15.79664687,NaN,15.67506158
21-Dec-2019,16.01168333,NaN,15.61228554
22-Dec-2019,16.15576667,NaN,15.56940012
23-Dec-2019,16.09812604,NaN,15.76459804
24-Dec-2019,16.009725,NaN,15.69635325
25-Dec-2019,15.86048542,NaN,15.65001471
26-Dec-2019,15.88112083,NaN,15.69232721
27-Dec-2019,15.80613125,NaN,15.63134283
28-Dec-2019,15.98119896,NaN,15.70775429
29-Dec-2019,15.99669375,NaN,15.89926991
30-Dec-2019,16.11910521,NaN,15.99215533
31-Dec-2019,16.01123542,NaN,15.98328033
1-Jan-2020,16.1041625,NaN,15.88629596
2-Jan-2020,16.2349125,NaN,15.85570221
3-Jan-2020,16.31103229,NaN,15.7843845
4-Jan-2020,16.24583958,NaN,15.90376991
5-Jan-2020,16.24735,NaN,15.85151471
6-Jan-2020,16.24349583,NaN,15.85446262
7-Jan-2020,16.03342292,NaN,15.70230116
8-Jan-2020,16.04740729,NaN,15.75462408
9-Jan-2020,16.17430313,NaN,15.64066575
10-Jan-2020,16.04158437,NaN,15.60497304
11-Jan-2020,16.04742292,NaN,15.70481158
12-Jan-2020,16.02116771,NaN,15.6868845
13-Jan-2020,15.93296458,NaN,15.68591054
14-Jan-2020,16.06633437,NaN,15.65803554
15-Jan-2020,16.12338125,NaN,15.46555637
16-Jan-2020,16.030975,NaN,15.20278033
17-Jan-2020,15.87932917,NaN,15.30881679
18-Jan-2020,15.77285,NaN,15.46261887
19-Jan-2020,15.76542292,NaN,15.32546262
20-Jan-2020,16.00914687,NaN,15.57555116
21-Jan-2020,16.02458438,NaN,15.98487408
22-Jan-2020,16.31096979,NaN,15.8326345
23-Jan-2020,16.38718333,NaN,15.86804075
24-Jan-2020,16.31659479,NaN,15.69236366
25-Jan-2020,16.56412604,NaN,15.87937408
26-Jan-2020,16.568975,NaN,15.92970741
27-Jan-2020,16.1831625,NaN,15.58249908
28-Jan-2020,16.10712604,NaN,15.45258241
29-Jan-2020,15.90217292,NaN,15.27569179
30-Jan-2020,15.68287083,NaN,15.57094179
31-Jan-2020,16.16187083,NaN,15.75456679
1-Feb-2020,16.23942292,NaN,15.70228554
2-Feb-2020,16.32949063,NaN,15.35340533
3-Feb-2020,15.65132917,NaN,14.8042595
4-Feb-2020,13.58380833,NaN,13.73956158
5-Feb-2020,14.46480833,NaN,14.86746783
6-Feb-2020,15.02135,NaN,15.11304596
7-Feb-2020,15.40488646,NaN,15.10811887
8-Feb-2020,15.62148542,NaN,15.08560325
9-Feb-2020,15.55050104,NaN,14.95979596
10-Feb-2020,15.55858958,NaN,15.00659804
11-Feb-2020,15.51928229,NaN,15.05509804
12-Feb-2020,15.44044896,NaN,15.02690533
13-Feb-2020,15.49860521,NaN,15.26501991
14-Feb-2020,15.40640729,NaN,15.24464491
15-Feb-2020,15.44385,NaN,15.16692616
16-Feb-2020,15.375475,NaN,15.048447
17-Feb-2020,15.32323542,NaN,15.1637595
18-Feb-2020,15.41200104,NaN,15.24500429
19-Feb-2020,15.48820938,NaN,15.21353554
20-Feb-2020,15.73053229,NaN,15.21325429
21-Feb-2020,15.92100625,NaN,15.48148866
22-Feb-2020,16.28324583,NaN,15.86699908
23-Feb-2020,16.10763125,NaN,15.81024908
24-Feb-2020,15.71618854,NaN,15.25704596
25-Feb-2020,15.80819896,NaN,15.25047825
26-Feb-2020,15.60898021,NaN,15.00398866
27-Feb-2020,15.60757396,NaN,14.93153033
28-Feb-2020,15.72902188,NaN,15.41930116
29-Feb-2020,16.09182619,NaN,15.88628033
1-Mar-2020,NaN,NaN,16.06606158
2-Mar-2020,NaN,NaN,15.87692616
3-Mar-2020,NaN,NaN,15.45830116
4-Mar-2020,15.68,NaN,15.59480116
5-Mar-2020,15.87222917,NaN,15.95884283
6-Mar-2020,15.6304375,NaN,15.27114491
7-Mar-2020,14.97432292,NaN,15.45892096
8-Mar-2020,15.0760625,NaN,15.14695741
9-Mar-2020,15.28023958,NaN,15.40837408
10-Mar-2020,15.55290625,NaN,15.71671262
11-Mar-2020,15.81246875,NaN,16.01783241
12-Mar-2020,15.97533333,NaN,16.24473346
13-Mar-2020,15.84313542,NaN,16.28890533
14-Mar-2020,15.75977083,NaN,16.28051991
15-Mar-2020,15.98166667,NaN,16.35384283
16-Mar-2020,16.07075,NaN,16.40318658
17-Mar-2020,16.04679167,NaN,16.39965533
18-Mar-2020,16.01208333,NaN,16.32532721
19-Mar-2020,15.58752083,NaN,15.43214041
20-Mar-2020,14.99755208,NaN,NaN
21-Mar-2020,15.593625,NaN,NaN
22-Mar-2020,15.5945625,NaN,NaN
23-Mar-2020,15.81332292,NaN,NaN
24-Mar-2020,15.45332292,NaN,NaN
25-Mar-2020,14.93903125,NaN,NaN
26-Mar-2020,14.73305208,NaN,NaN
27-Mar-2020,14.74179167,NaN,NaN
28-Mar-2020,14.542125,NaN,NaN
29-Mar-2020,14.38314583,NaN,NaN
30-Mar-2020,13.98326042,NaN,NaN
31-Mar-2020,13.53832292,NaN,NaN
1-Apr-2020,13.43933333,NaN,NaN
2-Apr-2020,14.44411458,NaN,NaN
3-Apr-2020,14.95259375,NaN,NaN
4-Apr-2020,15.2613125,NaN,NaN
5-Apr-2020,15.45128125,NaN,NaN
6-Apr-2020,15.50997917,NaN,NaN
7-Apr-2020,15.32895833,NaN,NaN
8-Apr-2020,15.49408333,NaN,NaN
9-Apr-2020,15.30807292,NaN,NaN
10-Apr-2020,15.54801042,NaN,NaN
11-Apr-2020,15.64033333,NaN,NaN
12-Apr-2020,15.6294375,NaN,NaN
13-Apr-2020,15.39561458,NaN,NaN
14-Apr-2020,14.80701042,NaN,NaN
15-Apr-2020,13.938625,NaN,NaN
16-Apr-2020,14.61434375,NaN,NaN
17-Apr-2020,15.22807292,NaN,NaN
18-Apr-2020,14.56934375,NaN,NaN
19-Apr-2020,13.12227083,NaN,NaN
20-Apr-2020,12.74844792,NaN,NaN
21-Apr-2020,12.24305208,NaN,NaN
22-Apr-2020,13.09246875,NaN,NaN
23-Apr-2020,12.95315625,NaN,NaN
24-Apr-2020,13.10661458,NaN,NaN
25-Apr-2020,12.73869792,NaN,NaN
26-Apr-2020,13.96896875,NaN,NaN
27-Apr-2020,13.940375,NaN,NaN
28-Apr-2020,13.45026042,NaN,NaN
29-Apr-2020,14.22088542,NaN,NaN
30-Apr-2020,14.61645833,NaN,NaN
1-May-2020,15.45755208,NaN,NaN
2-May-2020,15.49808333,NaN,NaN
3-May-2020,15.40235417,NaN,NaN
4-May-2020,15.4710625,NaN,NaN
5-May-2020,15.52329167,NaN,NaN
6-May-2020,15.16027083,NaN,NaN
7-May-2020,15.78233333,NaN,NaN
8-May-2020,16.47573958,NaN,NaN
9-May-2020,17.41804167,NaN,NaN
10-May-2020,16.46680208,NaN,NaN
11-May-2020,14.52373958,NaN,NaN
12-May-2020,13.62580208,NaN,NaN
13-May-2020,14.45316667,NaN,NaN
14-May-2020,14.454625,NaN,NaN
15-May-2020,14.3048125,NaN,NaN
16-May-2020,14.83167708,NaN,NaN
17-May-2020,15.818875,NaN,NaN
18-May-2020,15.94273958,NaN,NaN
19-May-2020,13.52015625,NaN,NaN
20-May-2020,12.16511458,NaN,NaN
21-May-2020,12.30304167,NaN,NaN
22-May-2020,12.53925,NaN,NaN
23-May-2020,12.71190625,NaN,NaN
24-May-2020,13.56953125,NaN,NaN
25-May-2020,13.42635417,NaN,NaN
26-May-2020,13.72395833,NaN,NaN
27-May-2020,14.39717708,NaN,NaN
28-May-2020,14.75692708,NaN,NaN
29-May-2020,14.9473125,NaN,NaN
30-May-2020,15.08277083,NaN,NaN
31-May-2020,14.72757292,NaN,NaN
1-Jun-2020,13.87067708,NaN,NaN
2-Jun-2020,12.8060625,NaN,NaN
3-Jun-2020,12.66176042,NaN,NaN
4-Jun-2020,14.74432292,NaN,NaN
5-Jun-2020,17.50854167,NaN,NaN
6-Jun-2020,16.75710417,NaN,NaN
7-Jun-2020,15.08519792,NaN,NaN
8-Jun-2020,13.88679167,NaN,NaN
9-Jun-2020,13.16083333,NaN,NaN
10-Jun-2020,13.31117708,NaN,NaN
11-Jun-2020,13.66678125,NaN,NaN
12-Jun-2020,13.36496875,NaN,NaN
13-Jun-2020,14.47261458,NaN,NaN
14-Jun-2020,15.04188542,NaN,NaN
15-Jun-2020,16.09798958,NaN,NaN
16-Jun-2020,16.79627083,NaN,NaN
17-Jun-2020,17.99742708,NaN,NaN
18-Jun-2020,18.26408333,NaN,NaN
19-Jun-2020,18.98055208,NaN,NaN
20-Jun-2020,18.10132292,NaN,NaN
21-Jun-2020,16.28288542,NaN,NaN
22-Jun-2020,16.6766875,NaN,NaN
23-Jun-2020,16.36586458,NaN,NaN
24-Jun-2020,16.34722917,NaN,NaN
25-Jun-2020,16.11597917,NaN,NaN
26-Jun-2020,15.94170833,NaN,NaN
27-Jun-2020,15.11978125,NaN,NaN
28-Jun-2020,15.6556875,NaN,NaN
29-Jun-2020,16.21209375,NaN,NaN
30-Jun-2020,16.60894792,NaN,NaN
1-Jul-2020,16.75698958,NaN,NaN
2-Jul-2020,17.18822917,NaN,NaN
3-Jul-2020,16.73183333,NaN,NaN
4-Jul-2020,16.27313542,NaN,NaN
5-Jul-2020,16.21641667,NaN,NaN
6-Jul-2020,17.57395833,NaN,NaN
7-Jul-2020,18.469,NaN,NaN
8-Jul-2020,18.39173958,NaN,NaN
9-Jul-2020,17.64552083,NaN,NaN
10-Jul-2020,15.5046875,NaN,NaN
11-Jul-2020,13.44841667,NaN,NaN
12-Jul-2020,12.85133333,NaN,NaN
13-Jul-2020,13.63069792,NaN,NaN
14-Jul-2020,14.02422917,NaN,NaN
15-Jul-2020,15.1999375,NaN,NaN
16-Jul-2020,15.54565625,NaN,NaN
17-Jul-2020,14.29680208,NaN,NaN
18-Jul-2020,13.297875,NaN,NaN
19-Jul-2020,12.25165625,NaN,NaN
20-Jul-2020,11.92997917,NaN,NaN
21-Jul-2020,12.88459375,NaN,NaN
22-Jul-2020,13.0709375,NaN,NaN
23-Jul-2020,13.408,NaN,NaN
24-Jul-2020,13.74392708,NaN,NaN
25-Jul-2020,14.01696875,NaN,NaN
26-Jul-2020,14.12673958,NaN,NaN
27-Jul-2020,14.18635417,NaN,NaN
28-Jul-2020,14.64115625,NaN,NaN
29-Jul-2020,15.3086875,NaN,NaN
30-Jul-2020,14.16252083,NaN,NaN
31-Jul-2020,12.8995,NaN,NaN
1-Aug-2020,12.09353125,NaN,NaN
2-Aug-2020,14.18564583,NaN,NaN
3-Aug-2020,14.95717708,NaN,NaN
4-Aug-2020,15.27745833,NaN,NaN
5-Aug-2020,15.20557292,NaN,NaN
6-Aug-2020,14.917,NaN,NaN
7-Aug-2020,15.87108333,NaN,NaN
8-Aug-2020,15.56645833,NaN,NaN
9-Aug-2020,14.24141667,NaN,NaN
10-Aug-2020,13.562625,NaN,NaN
11-Aug-2020,13.21919792,NaN,NaN
12-Aug-2020,12.56538542,NaN,NaN
13-Aug-2020,13.10589583,NaN,NaN
14-Aug-2020,13.718,NaN,NaN
15-Aug-2020,15.07714583,NaN,NaN
16-Aug-2020,17.19761458,NaN,NaN
17-Aug-2020,17.72711458,NaN,NaN
18-Aug-2020,17.05897917,NaN,NaN
19-Aug-2020,17.81795833,NaN,NaN
20-Aug-2020,17.89830208,NaN,NaN
21-Aug-2020,18.30584375,NaN,NaN
22-Aug-2020,18.35247917,NaN,NaN
23-Aug-2020,18.33645833,NaN,NaN
24-Aug-2020,18.2255625,NaN,NaN
25-Aug-2020,17.296375,NaN,NaN
26-Aug-2020,17.1253125,NaN,NaN
27-Aug-2020,16.83848958,NaN,NaN
28-Aug-2020,14.35603125,NaN,NaN
29-Aug-2020,13.99394792,NaN,NaN
30-Aug-2020,13.6343125,NaN,NaN
31-Aug-2020,14.44664583,NaN,NaN
1-Sep-2020,14.72773958,NaN,NaN
2-Sep-2020,15.16778125,NaN,NaN
3-Sep-2020,14.963,NaN,NaN
4-Sep-2020,14.87886458,NaN,NaN
5-Sep-2020,14.0869375,NaN,NaN
6-Sep-2020,14.32779167,NaN,NaN
7-Sep-2020,15.52094792,NaN,NaN
8-Sep-2020,18.41380208,NaN,NaN
9-Sep-2020,18.14386458,NaN,NaN
10-Sep-2020,17.47432292,NaN,NaN
11-Sep-2020,17.64484375,NaN,NaN
12-Sep-2020,17.84904167,NaN,NaN
13-Sep-2020,17.61615625,NaN,NaN
14-Sep-2020,17.4784375,NaN,NaN
15-Sep-2020,16.69569792,NaN,NaN
16-Sep-2020,14.92815625,NaN,NaN
17-Sep-2020,14.26488542,NaN,NaN
18-Sep-2020,14.69903125,NaN,NaN
19-Sep-2020,14.86457292,NaN,NaN
20-Sep-2020,15.01039583,14.96404167,NaN
21-Sep-2020,15.65932292,15.25298958,NaN
22-Sep-2020,15.88496875,15.59582292,NaN
23-Sep-2020,15.698375,15.69611458,NaN
24-Sep-2020,16.20827083,15.78626042,NaN
25-Sep-2020,16.83633333,16.76377083,NaN
26-Sep-2020,17.62411458,17.71625,NaN
27-Sep-2020,17.83713542,18.06909375,NaN
28-Sep-2020,17.85697917,18.37441667,NaN
29-Sep-2020,16.54858333,15.58516667,NaN
30-Sep-2020,14.45725,14.03305208,NaN
1-Oct-2020,16.00720833,14.90902083,NaN
2-Oct-2020,17.45998958,16.88535417,NaN
3-Oct-2020,17.70219792,17.19457292,NaN
4-Oct-2020,17.31245833,17.17889583,NaN
5-Oct-2020,17.08327083,16.8704375,NaN
6-Oct-2020,16.66211458,16.43873958,NaN
7-Oct-2020,16.29276042,16.1851875,NaN
8-Oct-2020,16.56094792,16.66761458,NaN
9-Oct-2020,16.54572917,16.5198125,NaN
10-Oct-2020,16.93852083,16.66196875,NaN
11-Oct-2020,16.83417708,16.4139375,NaN
12-Oct-2020,17.42257292,17.18990625,NaN
13-Oct-2020,17.02717708,16.99834375,NaN
14-Oct-2020,16.62330208,16.8903125,NaN
15-Oct-2020,18.33752083,18.0730625,NaN
16-Oct-2020,17.31654167,17.01113542,NaN
17-Oct-2020,18.232375,18.29309375,NaN
18-Oct-2020,18.50791667,18.81625,NaN
19-Oct-2020,17.8555625,18.42175,NaN
20-Oct-2020,17.66675,17.75338542,NaN
21-Oct-2020,17.17591667,16.71690625,NaN
22-Oct-2020,16.84191667,16.16211458,NaN
23-Oct-2020,17.35405208,17.05385417,NaN
24-Oct-2020,18.06483333,18.03452083,NaN
25-Oct-2020,18.39502083,17.92841667,NaN
26-Oct-2020,16.72477083,16.799625,NaN
27-Oct-2020,17.865875,18.25853125,NaN
28-Oct-2020,17.13997917,16.03047917,NaN
29-Oct-2020,17.15501042,16.34030208,NaN
30-Oct-2020,16.39317708,15.0458125,NaN
31-Oct-2020,15.65922917,15.3286875,NaN
1-Nov-2020,15.41878125,15.611625,NaN
2-Nov-2020,15.3460625,15.79977083,NaN
3-Nov-2020,16.03714583,15.94565625,NaN
4-Nov-2020,16.49009375,16.76720833,NaN
5-Nov-2020,16.28888542,16.68575,NaN
6-Nov-2020,16.7564375,16.60654167,NaN
7-Nov-2020,16.42327083,15.716375,NaN
8-Nov-2020,13.94123958,13.24375,NaN
9-Nov-2020,12.69270833,12.30425,NaN
10-Nov-2020,12.28629167,12.61036458,NaN
11-Nov-2020,12.72529167,13.18261458,NaN
12-Nov-2020,13.56775,13.80532292,NaN
13-Nov-2020,13.73072917,14.19817708,NaN
14-Nov-2020,14.18358333,14.18602083,NaN
15-Nov-2020,13.98766667,13.91489583,NaN
16-Nov-2020,13.70677083,13.74516667,NaN
17-Nov-2020,13.73867708,13.87744792,NaN
18-Nov-2020,13.5604375,13.69925,NaN
19-Nov-2020,13.63058333,13.80847917,NaN
20-Nov-2020,13.55442708,13.74241667,NaN
21-Nov-2020,13.68757292,13.81654167,NaN
22-Nov-2020,13.96921875,13.8131875,NaN
23-Nov-2020,14.2451875,13.79613542,NaN
24-Nov-2020,14.374125,14.29053125,NaN
25-Nov-2020,14.88164583,14.63670833,NaN
26-Nov-2020,15.48913542,14.88397917,NaN
27-Nov-2020,15.11772917,14.96879167,NaN
28-Nov-2020,15.23258333,15.07459375,NaN
29-Nov-2020,15.10704167,14.85230208,NaN
30-Nov-2020,14.92966667,14.63764583,NaN
1-Dec-2020,14.91472917,14.61973958,NaN
2-Dec-2020,15.196375,14.41627083,NaN
3-Dec-2020,15.22844792,14.64458333,NaN
4-Dec-2020,15.17375,14.65969792,NaN
5-Dec-2020,15.27722917,15.05446875,NaN
6-Dec-2020,14.959375,14.88104167,NaN
7-Dec-2020,14.50891667,14.74058333,NaN
8-Dec-2020,14.73532292,14.56486458,NaN
9-Dec-2020,14.80125,14.84155208,NaN
10-Dec-2020,14.74154167,15.18215625,NaN
11-Dec-2020,15.37184375,15.42004167,NaN
12-Dec-2020,15.05345833,15.43207292,NaN
13-Dec-2020,15.00454167,15.31151042,NaN
14-Dec-2020,15.350875,15.33346875,NaN
15-Dec-2020,14.51183333,15.08242708,NaN
16-Dec-2020,14.88192708,15.23863542,NaN
17-Dec-2020,15.2364375,15.26364583,NaN
18-Dec-2020,14.62729167,14.75420833,NaN
19-Dec-2020,14.78151042,15.09832292,NaN
20-Dec-2020,14.62870833,14.89916667,NaN
21-Dec-2020,14.554,14.80538542,NaN
22-Dec-2020,14.60095833,14.9011875,NaN
23-Dec-2020,14.94389583,15.24691667,NaN
24-Dec-2020,14.95466667,15.17822917,NaN
25-Dec-2020,14.61191667,15.36425,NaN
26-Dec-2020,15.19078125,15.37828125,NaN
27-Dec-2020,15.33508333,15.42305208,NaN
28-Dec-2020,15.59163542,15.66970833,NaN
29-Dec-2020,15.22259375,15.33929167,NaN
30-Dec-2020,14.78632292,14.85025,NaN
31-Dec-2020,14.55491667,14.60189583,NaN
1-Jan-2021,14.14970833,14.27025,NaN
2-Jan-2021,14.64973958,14.76663542,NaN
3-Jan-2021,14.74835417,14.93021875,NaN
4-Jan-2021,14.8033125,14.83430208,NaN
5-Jan-2021,14.858,14.78035417,NaN
6-Jan-2021,14.84709375,14.7125625,NaN
7-Jan-2021,14.47798958,14.5128125,NaN
8-Jan-2021,14.63173958,14.18434375,NaN
9-Jan-2021,14.28339583,14.18445833,NaN
10-Jan-2021,14.448,14.84030208,NaN
11-Jan-2021,14.76552083,14.92002083,NaN
12-Jan-2021,14.92790625,14.88411458,NaN
13-Jan-2021,14.78820833,14.65352083,NaN
14-Jan-2021,14.80629167,14.79316667,NaN
15-Jan-2021,14.69148958,14.71777083,NaN
16-Jan-2021,14.6598125,14.52872917,NaN
17-Jan-2021,15.04552083,14.86296875,NaN
18-Jan-2021,15.09126042,15.16222917,NaN
19-Jan-2021,15.41469792,15.53142708,NaN
20-Jan-2021,14.84711458,14.96291667,NaN
21-Jan-2021,14.68182292,14.96195833,NaN
22-Jan-2021,14.85307292,15.37919792,NaN
23-Jan-2021,14.99760417,14.90603125,NaN
24-Jan-2021,14.75647917,15.04870833,NaN
25-Jan-2021,14.80038542,14.98297917,NaN
26-Jan-2021,13.01154167,12.49830208,NaN
27-Jan-2021,12.37373958,13.00964583,NaN
28-Jan-2021,13.82691667,14.18267708,NaN
29-Jan-2021,13.926,14.12270833,NaN
30-Jan-2021,13.748,13.91170833,NaN
31-Jan-2021,13.852,13.93670833,NaN
1-Feb-2021,13.856,13.94865625,NaN
2-Feb-2021,13.817,13.89755208,NaN
3-Feb-2021,13.62183333,13.65508333,NaN
4-Feb-2021,13.49833333,13.51546875,NaN
5-Feb-2021,13.78990625,13.78546875,NaN
6-Feb-2021,13.52255208,13.81561458,NaN
7-Feb-2021,13.68679167,13.81359375,NaN
8-Feb-2021,13.90796875,13.94370833,NaN
9-Feb-2021,14.28848958,14.28663542,NaN
10-Feb-2021,14.131,14.30064583,NaN
11-Feb-2021,14.11589583,14.15661458,NaN
12-Feb-2021,14.26761458,14.25742708,NaN
13-Feb-2021,13.505125,13.46321875,NaN
14-Feb-2021,13.78086458,13.73122917,NaN
15-Feb-2021,13.20846875,13.08996875,NaN
16-Feb-2021,13.55646875,13.66517708,NaN
17-Feb-2021,13.14410417,13.36532292,NaN
18-Feb-2021,12.98960417,13.38201042,NaN
19-Feb-2021,13.39023958,13.59798958,NaN
20-Feb-2021,13.53461458,13.52886458,NaN
21-Feb-2021,13.20651042,12.69803125,NaN
22-Feb-2021,12.97957292,12.71688542,NaN
23-Feb-2021,13.09680208,12.60076042,NaN
24-Feb-2021,13.81836458,13.57095833,NaN
25-Feb-2021,14.20565625,14.11370833,NaN
26-Feb-2021,13.5434375,13.46721875,NaN
27-Feb-2021,13.784875,13.66496875,NaN
28-Feb-2021,13.62889583,13.72321875,NaN
1-Mar-2021,13.70582292,14.18265625,NaN
2-Mar-2021,14.05986458,14.34533333,NaN
3-Mar-2021,13.8768125,14.03341667,NaN
4-Mar-2021,13.842875,14.2095,NaN
5-Mar-2021,13.92779167,14.00010417,NaN
6-Mar-2021,13.7146875,13.59655208,NaN
7-Mar-2021,14.27645833,14.1540625,NaN
8-Mar-2021,14.35836458,14.33015625,NaN
9-Mar-2021,14.16455208,13.65859375,NaN
10-Mar-2021,12.70277083,11.89289583,NaN
11-Mar-2021,12.19635417,11.94421875,NaN
12-Mar-2021,12.32648958,12.358,NaN
13-Mar-2021,12.32915625,12.27207292,NaN
14-Mar-2021,12.52071875,12.47947917,NaN
15-Mar-2021,12.63359375,12.40039583,NaN
16-Mar-2021,11.74151042,11.58721875,NaN
17-Mar-2021,11.60847917,11.62415625,NaN
18-Mar-2021,11.75383333,11.90663542,NaN
19-Mar-2021,11.48095833,11.57301042,NaN
20-Mar-2021,11.52055208,11.67536458,NaN
21-Mar-2021,11.6974375,12.07138542,NaN
22-Mar-2021,11.76815625,11.96591667,NaN
23-Mar-2021,12.48484375,12.36561458,NaN
24-Mar-2021,11.50128125,11.40048958,NaN
25-Mar-2021,11.92359375,12.02267708,NaN
26-Mar-2021,11.98321875,11.72739583,NaN
27-Mar-2021,12.12025,12.16104167,NaN
28-Mar-2021,12.01672917,12.14415625,NaN
29-Mar-2021,12.23655208,12.14979167,NaN
30-Mar-2021,12.54370833,12.16836458,NaN
31-Mar-2021,12.86590625,13.02369792,NaN
1-Apr-2021,12.93815625,12.98264583,NaN
2-Apr-2021,13.11664583,13.22759375,NaN
3-Apr-2021,13.81111458,13.97133333,NaN
4-Apr-2021,14.08860417,13.80095833,NaN
5-Apr-2021,13.84453125,13.98545833,NaN
6-Apr-2021,14.60134375,14.67235417,NaN
7-Apr-2021,14.76485417,14.5626875,NaN
8-Apr-2021,14.92184375,13.0020625,NaN
9-Apr-2021,14.21496875,12.52167708,NaN
10-Apr-2021,12.9468125,12.59584375,NaN
11-Apr-2021,13.46965625,13.73534375,NaN
12-Apr-2021,14.57609375,14.2593125,NaN
13-Apr-2021,14.632875,14.60755208,NaN
14-Apr-2021,14.76278125,14.56364583,NaN
15-Apr-2021,14.48735417,14.62366667,NaN
16-Apr-2021,14.4814375,14.48653125,NaN
17-Apr-2021,15.05911458,14.93963542,NaN
18-Apr-2021,14.6898125,14.84257292,NaN
19-Apr-2021,14.21177083,13.40683333,NaN
20-Apr-2021,14.08305208,13.23754167,NaN
21-Apr-2021,15.38165625,15.188,NaN
22-Apr-2021,15.55342708,13.68796875,NaN
23-Apr-2021,14.61371875,12.90738542,NaN
24-Apr-2021,13.4051875,12.66365625,NaN
25-Apr-2021,12.54278125,12.70697917,NaN
26-Apr-2021,12.27713542,12.20845833,NaN
27-Apr-2021,11.6326875,11.64997917,NaN
28-Apr-2021,12.19145833,12.43091667,NaN
29-Apr-2021,12.61086458,12.892375,NaN
30-Apr-2021,13.12989583,13.45360417,NaN
1-May-2021,13.918125,13.5063125,NaN
2-May-2021,15.01429167,14.85925,NaN
3-May-2021,15.59175,15.21497917,NaN
4-May-2021,15.94769792,15.02667708,NaN
5-May-2021,15.833625,14.35063542,NaN
6-May-2021,15.8040625,14.00141667,NaN
7-May-2021,15.61954167,13.90216667,NaN
8-May-2021,14.8543125,14.92978125,NaN
9-May-2021,15.79901042,15.783375,NaN
10-May-2021,16.04905208,16.27559375,NaN
11-May-2021,15.96982292,16.31447917,NaN
12-May-2021,15.98446875,16.6174375,NaN
13-May-2021,15.466875,15.2008125,NaN
14-May-2021,15.15622917,15.05773958,NaN
15-May-2021,15.7868125,14.91264583,NaN
16-May-2021,15.55579167,14.80283333,NaN
17-May-2021,14.81551042,14.48939583,NaN
18-May-2021,15.25939583,14.13635417,NaN
19-May-2021,14.54285417,13.91857292,NaN
20-May-2021,14.690125,14.5175,NaN
21-May-2021,15.21092708,15.03035417,NaN
22-May-2021,13.3006875,13.57245833,NaN
23-May-2021,14.66323958,14.70294792,NaN
24-May-2021,13.45261458,13.77354167,NaN
25-May-2021,13.18991667,13.05860417,NaN
26-May-2021,14.35782292,14.08041667,NaN
27-May-2021,15.93119792,14.92513542,NaN
28-May-2021,16.40107292,15.04908333,NaN
29-May-2021,15.369125,14.49202083,NaN
30-May-2021,15.44533333,15.12976042,NaN
31-May-2021,16.01896875,16.06058333,NaN
1-Jun-2021,15.86911458,15.930625,NaN
2-Jun-2021,15.56308333,15.40357292,NaN
3-Jun-2021,15.25582292,15.40863542,NaN
4-Jun-2021,16.17832292,16.37788542,NaN
5-Jun-2021,16.50922917,16.50042708,NaN
6-Jun-2021,16.69772917,16.64033333,NaN
7-Jun-2021,17.30689583,17.16517708,NaN
8-Jun-2021,17.023,17.6053125,NaN
9-Jun-2021,17.17278125,17.0559375,NaN
10-Jun-2021,15.49651042,14.95179167,NaN
11-Jun-2021,16.00035417,15.76292708,NaN
12-Jun-2021,15.34004167,14.80007292,NaN
13-Jun-2021,15.02516667,14.71229167,NaN
14-Jun-2021,14.35064583,14.00428125,NaN
15-Jun-2021,13.10457292,13.09795833,NaN
16-Jun-2021,14.04153125,14.13901042,NaN
17-Jun-2021,17.42188542,16.419375,NaN
18-Jun-2021,18.01564583,17.74410417,NaN
19-Jun-2021,17.73208333,17.2035625,NaN
20-Jun-2021,16.70792708,15.97140625,NaN
21-Jun-2021,17.26904167,16.3474375,NaN
22-Jun-2021,17.06444792,16.71953125,NaN
23-Jun-2021,16.38826042,14.91235417,NaN
24-Jun-2021,14.44935417,13.74569792,NaN
25-Jun-2021,13.31263542,13.26359375,NaN
26-Jun-2021,14.31351042,14.38728125,NaN
27-Jun-2021,16.23871875,16.11094792,NaN
28-Jun-2021,17.00080208,16.88404167,NaN
29-Jun-2021,17.49391667,17.79330208,NaN
30-Jun-2021,17.80615625,18.10486458,NaN
1-Jul-2021,17.96380208,18.11523958,NaN
2-Jul-2021,17.13872917,17.24423958,NaN
3-Jul-2021,17.34416667,17.12216667,NaN
4-Jul-2021,15.70888542,16.03578125,NaN
5-Jul-2021,16.58307292,16.39798958,NaN
6-Jul-2021,17.48577083,17.10588542,NaN
7-Jul-2021,17.518375,17.14767708,NaN
8-Jul-2021,17.75136458,17.36742708,NaN
9-Jul-2021,17.95771875,17.38936458,NaN
10-Jul-2021,16.99196875,16.50477083,NaN
11-Jul-2021,16.399875,15.23765625,NaN
12-Jul-2021,15.83652083,15.33067708,NaN
13-Jul-2021,16.34940625,15.42105208,NaN
14-Jul-2021,15.461375,15.58569792,NaN
15-Jul-2021,16.56819792,16.48052083,NaN
16-Jul-2021,15.73892708,15.6613125,NaN
17-Jul-2021,14.87915625,14.74819792,NaN
18-Jul-2021,14.145125,14.53202083,NaN
19-Jul-2021,NaN,NaN,NaN
20-Jul-2021,NaN,NaN,NaN
21-Jul-2021,NaN,NaN,NaN
22-Jul-2021,NaN,NaN,NaN
23-Jul-2021,NaN,NaN,NaN
24-Jul-2021,NaN,NaN,NaN
25-Jul-2021,NaN,NaN,NaN
26-Jul-2021,NaN,NaN,NaN
27-Jul-2021,NaN,NaN,NaN
28-Jul-2021,NaN,NaN,NaN
29-Jul-2021,NaN,NaN,NaN
30-Jul-2021,NaN,NaN,NaN
31-Jul-2021,NaN,NaN,NaN
1-Aug-2021,NaN,NaN,NaN
2-Aug-2021,NaN,NaN,NaN
3-Aug-2021,NaN,NaN,NaN
4-Aug-2021,NaN,NaN,NaN
5-Aug-2021,NaN,NaN,NaN
6-Aug-2021,NaN,NaN,NaN
7-Aug-2021,NaN,NaN,NaN
8-Aug-2021,NaN,NaN,NaN
9-Aug-2021,NaN,NaN,NaN
10-Aug-2021,NaN,NaN,NaN
11-Aug-2021,NaN,NaN,NaN
12-Aug-2021,NaN,NaN,NaN
13-Aug-2021,NaN,NaN,NaN
14-Aug-2021,NaN,NaN,NaN
15-Aug-2021,NaN,NaN,NaN
16-Aug-2021,NaN,NaN,NaN
17-Aug-2021,NaN,NaN,NaN
18-Aug-2021,NaN,NaN,NaN
19-Aug-2021,NaN,NaN,NaN
20-Aug-2021,NaN,NaN,NaN
21-Aug-2021,NaN,NaN,NaN
22-Aug-2021,NaN,NaN,NaN
23-Aug-2021,NaN,NaN,NaN
24-Aug-2021,NaN,NaN,NaN
25-Aug-2021,NaN,NaN,NaN
26-Aug-2021,NaN,NaN,NaN
27-Aug-2021,NaN,NaN,NaN
28-Aug-2021,NaN,NaN,NaN
29-Aug-2021,NaN,NaN,NaN
30-Aug-2021,NaN,NaN,NaN
31-Aug-2021,NaN,NaN,NaN
1-Sep-2021,NaN,NaN,NaN
2-Sep-2021,NaN,NaN,NaN
3-Sep-2021,NaN,NaN,NaN
4-Sep-2021,NaN,NaN,NaN
5-Sep-2021,NaN,NaN,NaN
6-Sep-2021,NaN,NaN,NaN
7-Sep-2021,NaN,NaN,NaN
8-Sep-2021,NaN,NaN,NaN
9-Sep-2021,NaN,NaN,NaN
10-Sep-2021,NaN,NaN,NaN
11-Sep-2021,NaN,NaN,NaN
12-Sep-2021,NaN,NaN,NaN
13-Sep-2021,NaN,NaN,NaN
14-Sep-2021,NaN,NaN,NaN