Num,POP,Site,Bin,Header,Trt,Sample ID,WetWtI,BuoyWtI,LengthI,WidthI,WetWtF,BuoyWtF,LengthF,WidthF,Disease,Grazing,VTYPE,RUN,CS,Time,DO (mg/L),Temp,Time,DO (mg/L),Temp,Time,DO (mg/L),Temp,Time,DO (mg/L),Temp,Time,DO (mg/L),Temp,Time,DO (mg/L),Temp,Time,DO (mg/L),Temp,Problem,CF,SpineLoss,Gfoil,Sfoil,Ganimal,Sanimal,G_AFDW,S_AFDW,Time,Status
1,SOUTH,HA,6A,6,NC,HA_NC1,30.0054,5.3929,20,43,31.5279,5.5126,23,39,N,0.264,L,1,S,11:56,7.91,10.6,12:02,7.57,10.6,12:06,7.44,10.5,12:11,7.16,10.5,12:15,7.09,10.5,12:18,6.94,10.5,12:21,6.84,10.5,G,C,N,0.6505,1.3963,0.7802,11.3933,0.6651,10.0576,83,0
2,SOUTH,HA,6A,6,NC,HA_NC2,41.5246,6.1589,27,50,43.5933,6.6367,28,49,N,0.355,L,1,S,11:56,6.99,10.6,12:02,6.57,10.6,12:06,6.3,10.5,12:12,5.98,10.5,12:15,5.78,10.5,12:18,5.58,10.5,12:21,5.41,10.5,G,C,Y,0.6501,1.4887,0.9116,13.065,0.6836,11.5632,83,0
3,SOUTH,HA,6B,6,NC,HA_NC3,11.094,1.7355,17,30,12.3432,2.192,15,32,N,0.55,S,1,S,11:51,8.08,10.6,11:59,7.7,10.6,12:04,7.45,10.5,12:09,7.15,10.5,12:13,7.03,10.5,12:16,6.93,10.5,12:19,6.8,10.5,G,C,N,0.6752,1.3961,0.7069,5.4096,0.6851,4.8527,83,0
4,SOUTH,HA,6B,6,NC,HA_NC4,6.8742,1.0868,17,26,9.2595,1.5459,15,30,N,0.816,S,1,S,11:53,8.13,10.6,12:00,7.67,10.6,12:04,7.45,10.5,12:10,7.17,10.5,12:13,7.1,10.5,12:16,6.95,10.5,12:20,6.79,10.5,G,C,N,0.7567,1.3669,0.7701,4.2974,0.7601,3.843,83,0
5,SOUTH,HA,10A,10,NC,HA_NC5,2.5369,0.4232,7,19,4.6795,0.8402,13,25,N,0.375,S,1,S,11:53,8.53,10.6,12:01,8.25,10.6,12:05,8.13,10.5,12:10,7.97,10.5,12:13,7.96,10.5,12:17,7.77,10.5,12:20,7.7,10.5,G,C,N,0.6569,1.6391,0.6623,3.2378,0.6589,2.9998,83,0
6,SOUTH,HA,10A,10,NC,HA_NC6,21.866,3.656,22,37,22.7983,3.8438,23,39,N,1.537,L,1,S,11:57,8.43,10.6,12:03,8.17,10.5,12:07,8,10.5,12:12,7.83,10.5,12:15,7.69,10.5,12:18,7.58,10.5,12:22,7.49,10.5,G,C,N,0.64,1.1619,0.728,8.2028,0.6541,7.2182,83,0
7,SOUTH,HA,10B,10,NC,HA_NC7,23.6528,3.6209,23,38,25.0982,3.984,22,39,N,1.504,L,1,S,11:58,8.74,10.6,12:03,8.36,10.5,12:08,8.12,10.5,12:12,7.86,10.5,12:15,7.69,10.5,12:19,7.56,10.5,12:22,7.43,10.5,G,C,N,0.6198,1.4474,0.7577,8.7668,0.6402,7.7494,83,0
8,SOUTH,HA,10B,10,NC,HA_NC8,17.8261,3.0914,18,36,20.1537,3.5138,22,38,N,0.635,,,,,,,,,,,,,,,,,,,,,,,,,,C,N,0.6836,1.5656,0.8346,8.0141,0.7065,7.1223,83,0
9,SOUTH,HA,12A,12,NC,HA_NC9,93.8605,13.5263,32,64,93.862,12.7905,32,63,Y,2.073,,,,,,,,,,,,,,,,,,,,,,,,,,C,Y,0.6305,2.3588,0.839,25.2401,0.6612,22.5661,83,0
10,SOUTH,HA,12A,12,NC,HA_NC10,73.2093,9.5113,31,62,73.449,9.1322,33,61,N,0.928,,,,,,,,,,,,,,,,,,,,,,,,,,C,Y,0.6498,1.7095,0.6901,17.9558,0.6621,16.1056,83,0
11,SOUTH,HA,12B,12,NC,HA_NC11,69.6389,10.3273,29,57,,,,,,,,,,,,,,,,,,,,,,,,,,,,,,,,,Y,,,,,,,30,1
12,SOUTH,HA,12B,12,NC,HA_NC12,7.0336,1.0552,13,28,9.1794,1.5045,18,28,N,0.722,S,1,S,11:54,8.95,10.6,12:01,8.34,10.6,12:05,8.06,10.5,12:10,7.75,10.5,12:14,7.63,10.5,12:17,7.49,10.5,12:20,7.32,10.5,G,C,N,0.6691,1.9066,0.6873,4.7811,0.6786,4.3299,83,0
13,SOUTH,HA,2A,2,NF,HA_NF1,36.8755,5.7087,28,45,,,,,,,,,,,,,,,,,,,,,,,,,,,,,,,,,,,,,,,,29,1
14,SOUTH,HA,2A,2,NF,HA_NF2,2.3982,0.3829,10,19,4.2549,0.6631,12,21,N,0.219,S,2,S,12:50,7.03,13,12:52,6.85,13,12:55,6.74,13,12:59,6.61,13,13:03,6.48,13,13:06,6.37,13,13:08,6.32,13,G,F,N,0.659,1.9522,0.6796,3.2542,0.6637,3.0239,83,0
15,SOUTH,HA,2B,2,NF,HA_NF3,61.1246,10.4088,28,53,60.8763,10.1606,28,53,N,,,,,,,,,,,,,,,,,,,,,,,,,,,F,N,0.7333,2.0448,0.9972,18.6225,0.762,16.533,83,0
16,SOUTH,HA,2B,2,NF,HA_NF4,85.3342,14.763,32,59,86.7954,15.1082,41,58,N,2.727,,,,,,,,,,,,,,,,,,,,,,,,,,F,N,0.7073,1.8919,0.8466,20.3755,0.7333,18.0451,83,0
17,SOUTH,HA,4A,4,NF,HA_NF5,103.1749,18.1759,30,65,,,,,,,,,,,,,,,,,,,,,,,,,,,,,,,,,,0.6513,1.9133,1.3301,31.2811,0.7424,28.0671,83,0
18,SOUTH,HA,4A,4,NF,HA_NF6,51.4242,8.5238,30,50,48.2191,7.2514,24,50,N,-0.03,,,,,,,,,,,,,,,,,,,,,,,,,,F,N,0.6423,1.8707,0.811,14.6897,0.6598,13.2903,83,0
19,SOUTH,HA,4B,4,NF,HA_NF7,13.1134,2.3614,16,34,13.6665,2.3735,17,31,N,0.068,S,2,S,12:51,7.16,13,12:53,6.84,13,12:56,6.52,13,13:00,6.22,13,13:04,5.96,13,13:07,5.79,13,13:10,5.62,13,G,F,N,0.7167,1.7047,0.7516,6.0118,0.726,5.44,83,0
20,SOUTH,HA,4B,4,NF,HA_NF8,44.9463,7.9868,25,51,,,,,,,,,,,,,,,,,,,,,,,,,,,,,,,,,,,,,,,,17,1
21,SOUTH,HA,8A,8,NF,HA_NF9,39.2326,5.2526,29,46,39.3617,5.2108,25,50,N,0.084,,,,,,,,,,,,,,,,,,,,,,,,,,F,Y,0.7511,1.9878,0.8471,11.3793,0.7654,10.3442,83,0
22,SOUTH,HA,8A,8,NF,HA_NF10,5.6437,0.8879,14,25,7.3778,1.1884,15,29,N,1.005,S,2,S,12:51,5.93,13,12:54,5.68,13,12:57,5.53,13,13:00,5.36,13,13:04,5.21,13,13:07,5.1,13,13:10,5.04,13,G,F,N,0.7336,2.0208,0.7539,4.3162,0.7387,3.9576,83,0
23,SOUTH,HA,8B,8,NF,HA_NF11,12.5392,1.9924,17,31,14.2309,2.2598,17,33,N,0.825,L,2,S,12:52,6.16,13,12:55,5.95,13,12:59,5.72,13,13:01,5.6,13,13:05,5.41,13,13:08,5.31,13,13:11,5.19,13,F,F,N,0.7622,2.0815,0.7883,6.2767,0.766,5.7064,83,0
24,SOUTH,HA,8B,8,NF,HA_NF12,2.8273,0.4616,10,21,4.8615,0.7281,14,23,N,0.572,S,2,S,12:52,5.87,13,12:54,5.76,13,12:58,5.58,13,13:00,5.48,13,13:05,5.36,13,13:07,5.27,13,13:10,5.22,13,G,F,N,0.6445,2.0012,0.6713,3.4362,0.6494,3.1931,83,0
25,SOUTH,HA,1A,1,SC,HA_SC1,38.1036,6.2502,23,46,37.1679,6.2496,25,48,Y,0.462,,,,,,,,,,,,,,,,,,,,,,,,,,C,N,0.6653,2.0611,0.7288,13.2098,0.6786,11.9766,83,0
26,SOUTH,HA,1A,1,SC,HA_SC2,5.9111,0.9941,12,24,7.5526,1.2081,15,26,N,1.107,S,3,S,13:39,9.26,15.9,13:43,9.05,16.1,13:46,9.02,16.1,13:49,8.87,16.1,13:53,8.78,16.1,13:56,8.68,16.1,14:00,8.57,16.1,G,C,N,0.7026,1.9111,0.7369,4.2124,0.7104,3.8717,83,0
27,SOUTH,HA,1B,1,SC,HA_SC3,20.4147,3.3632,22,40,21.6049,3.8061,23,38,N,0.757,L,3,S,13:41,9.61,16,13:45,9.36,16.1,13:48,9.2,16.1,13:52,9.08,16.1,13:56,8.96,16.1,13:59,8.83,16.1,14:02,8.73,16.1,G,C,N,0.7423,1.8953,0.7858,8.7664,0.7477,7.96336,83,0
28,SOUTH,HA,1B,1,SC,HA_SC4,2.2364,0.3354,9,17,4.5882,0.6847,13,24,N,0.513,S,3,S,13:39,9.64,16,13:43,9.37,16.1,13:46,9.22,16.1,13:50,9.05,16.1,13:54,8.95,16.1,13:57,8.85,16.1,14:00,8.74,16.1,G,C,N,0.6588,2.144,0.6683,3.479,0.6597,3.2669,83,0
29,SOUTH,HA,3A,3,SC,HA_SC5,57.6669,10.3566,26,54,,,,,,,,,,,,,,,,,,,,,,,,,,,,,,,,,,,,,,,,75,1
30,SOUTH,HA,3A,3,SC,HA_SC6,60.8785,10.8744,29,57,,,,,,,,,,,,,,,,,,,,,,,,,,,,,,,,,,,,,,,,68,1
31,SOUTH,HA,3B,3,SC,HA_SC7,1.8468,0.279,8,18,4.2229,0.6562,13,22,N,0.736,S,3,S,13:40,9.65,16,13:44,9.4,16.1,13:47,9.27,16.1,13:50,9.12,16.1,13:54,8.99,16.1,13:57,8.9,16.1,14:00,8.8,16.1,G,C,N,0.703,1.8871,0.7213,3.166,0.7063,2.9603,83,0
32,SOUTH,HA,3B,3,SC,HA_SC8,49.1574,7.7377,27,50,,,,,,,,,,,,,,,,,,,,,,,,,,,,,,,,,,,,,,,,25,1
33,SOUTH,HA,11A,11,SC,HA_SC9,15.5432,2.308,19,37,17.0677,2.2774,18,36,N,1.607,L,3,S,13:41,9.9,16,13:44,9.67,16.1,13:48,9.49,16.1,13:51,9.31,16.1,13:55,9.18,16.1,13:58,9.01,16.1,14:01,8.94,16.1,G,C,N,0.6952,1.9095,0.7236,6.9147,0.7045,6.2456,83,0
34,SOUTH,HA,11A,11,SC,HA_SC10,3.5321,0.5582,10,23,5.0094,0.8284,12,24,N,0.957,S,3,S,13:40,9.7,16,13:44,9.49,16.1,13:47,9.37,16.1,13:51,9.24,16.1,13:55,9.07,16.1,13:58,8.95,16.1,14:01,8.81,16.1,G,C,Y,0.8006,1.9936,0.8188,3.5683,0.8029,3.3174,83,0
35,SOUTH,HA,11B,11,SC,HA_SC11,96.6485,15.4032,29,64,98.5619,15.4937,31,66,N,1.362,,,,,,,,,,,,,,,,,,,,,,,,,,C,N,0.7537,1.9023,1.2031,29.4266,0.8309,26.4346,83,0
36,SOUTH,HA,11B,11,SC,HA_SC12,48.7412,8.4053,26,51,,,,,,,,,,,,,,,,,,,,,,,,,,,,,,,,,,,,,,,,19,1
37,SOUTH,HA,5A,5,SF,HA_SF1,13.2753,2.1538,15,32,14.0239,2.3158,17,36,N,1.949,L,4,S,14:24,7.71,18.5,14:28,7.55,18.5,14:31,7.45,18.5,14:34,7.35,18.5,14:37,7.29,18.5,14:39,7.23,18.5,14:43,7.14,18.5,G,F,N,0.6665,1.9987,0.6748,6.2176,0.6699,5.6797,83,0
38,SOUTH,HA,5A,5,SF,HA_SF2,5.2782,0.8849,12,25,5.8356,1.0477,14,25,N,0.891,S,4,S,14:21,7.58,18.3,14:24,7.33,18.5,14:29,7.16,18.5,14:32,7.04,18.5,14:34,6.97,18.5,14:37,6.86,18.5,14:41,6.75,18.5,G,F,N,0.7361,2.0122,0.7652,3.9807,0.7409,3.6995,83,0
39,SOUTH,HA,5B,5,SF,HA_SF3,25.12,4.0556,19,39,,,,,,,,,,,,,,,,,,,,,,,,,,,,,,,,,,,,,,,,73,1
40,SOUTH,HA,5B,5,SF,HA_SF4,58.4203,9.4139,25,52,,,,,,,,,,,,,,,,,,,,,,,,,,,,,,,,,,,,,,,,7,1
41,SOUTH,HA,7A,7,SF,HA_SF5,76.6449,13.2303,28,55,,,,,,,,,,,,,,,,,,,,,,,,,,,,,,,,,,0.7866,1.8437,1.171,25.4384,0.8331,23.0362,83,0
42,SOUTH,HA,7A,7,SF,HA_SF6,59.3617,9.6233,30,50,,,,,,,,,,,,,,,,,,,,,,,,,,,,,,,,,,,,,,,,19,1
43,SOUTH,HA,7B,7,SF,HA_SF7,41.613,5.9065,30,51,,,,,,,,,,,,,,,,,,,,,,,,,,,,,,,,,,,,,,,,58,1
44,SOUTH,HA,7B,7,SF,HA_SF8,90.0001,13.5982,31,63,,,,,,,,,,,,,,,,,,,,,,,,,,,,,,,,,,,,,,,,6,1
45,SOUTH,HA,9A,9,SF,HA_SF9,3.8585,0.6955,11,22,5.9332,1.0696,13,24,N,0.114,S,4,S,14:23,7.78,18.4,14:26,7.6,18.5,14:30,7.49,18.6,14:32,7.33,18.5,14:35,7.1,18.5,14:38,6.98,18.5,14:42,6.82,18.5,G,F,N,0.7783,1.581,0.7988,3.5866,0.7892,3.3259,83,0
46,SOUTH,HA,9A,9,SF,HA_SF10,42.9619,7.3186,28,50,,,,,,,,,,,,,,,,,,,,,,,,,,,,,,,,,,,,,,,,33,1
47,SOUTH,HA,9B,9,SF,HA_SF11,1.9166,0.3468,10,17,3.3041,0.5665,10,19,N,0.081,S,4,S,14:23,7.94,18.4,14:27,7.7,18.5,14:30,7.58,18.5,14:33,7.48,18.5,14:36,7.43,18.5,14:38,7.34,18.5,14:42,7.17,18.5,G,F,N,0.6911,1.6628,0.7382,2.8155,0.702,2.618,83,0
48,SOUTH,HA,9B,9,SF,HA_SF12,3.6754,0.556,10,22,6.0508,0.9994,13,24,N,0.447,S,4,S,14:23,7.88,18.4,14:27,7.63,18.5,14:31,7.53,18.5,14:33,7.36,18.5,14:36,7.19,18.5,14:39,7.04,18.5,14:43,6.87,18.5,G,F,N,0.7354,1.8761,0.7606,3.8769,0.7441,3.5842,83,0
49,SOUTH,PV,6A,6,NC,PV_NC1,14.7622,2.388,21,34,15.8172,2.7427,20,37,N,0.575,L,5,S,11:44,9.04,10.7,11:49,8.75,10.7,11:53,8.62,10.7,11:58,8.47,10.7,12:04,8.26,10.6,12:10,7.98,10.6,12:13,7.85,10.6,M,C,N,0.7174,1.8497,0.7431,6.8749,0.7246,6.1956,83,0
50,SOUTH,PV,6A,6,NC,PV_NC2,41.6094,7.4963,25,47,43.2958,7.7233,24,49,N,0.383,L,5,S,11:44,8.17,10.7,11:49,7.85,10.7,11:53,7.61,10.7,11:58,7.37,10.7,12:04,7.12,10.6,12:10,6.94,10.6,12:13,6.83,10.6,G,C,N,0.7569,1.4239,0.8588,15.1883,0.7718,13.7023,83,0
51,SOUTH,PV,6B,6,NC,PV_NC3,94.526,18.4932,28,58,95.5171,18.3463,29,60,N,0.888,,,,,,,,,,,,,,,,,,,,,,,,,,C,N,0.7335,1.468,1.0394,33.7566,0.7808,30.2489,83,0
52,SOUTH,PV,6B,6,NC,PV_NC4,11.2587,1.8029,18,33,13.4749,2.3025,17,34,N,1.392,S,5,S,11:42,9.01,10.7,11:47,8.6,10.7,11:51,8.31,10.7,11:56,8.06,10.7,12:02,7.6,10.6,12:06,7.44,10.6,12:12,7.16,10.6,G,C,Y,0.7193,1.4751,0.7629,5.7276,0.7302,5.1528,83,0
53,SOUTH,PV,10A,10,NC,PV_NC5,10.54371,1.8551,17,31,13.7947,2.3526,18,35,N,1.151,L,5,S,11:45,8.95,10.7,11:50,8.66,10.7,11:54,8.48,10.7,11:58,8.3,10.7,12:04,8.11,10.6,12:10,7.97,10.6,12:14,7.89,10.6,G,C,N,0.7027,1.443,0.7914,5.7825,0.7183,5.1693,83,0
54,SOUTH,PV,10A,10,NC,PV_NC6,11.5106,1.959,14,31,14.8546,2.5038,20,34,N,0.995,L,5,S,11:45,9.39,10.7,11:50,9.09,10.7,11:54,8.92,10.7,12:01,8.64,10.7,12:05,8.48,10.6,12:11,8.33,10.6,12:14,8.22,10.6,G,C,N,0.7119,1.1618,0.761,5.7977,0.7233,5.1243,83,0
55,SOUTH,PV,10B,10,NC,PV_NC7,18.5283,2.785,19,47,20.5973,3.2856,19,38,N,1.917,L,5,S,11:45,9.46,10.7,11:50,9.12,10.7,11:55,8.83,10.7,12:01,8.56,10.6,12:05,8.37,10.6,12:11,8.21,10.6,12:15,8.07,10.6,G,C,N,0.7067,1.4506,0.7352,7.5352,0.7182,6.6944,83,0
56,SOUTH,PV,10B,10,NC,PV_NC8,55.8957,10.0023,26,46,53.7454,10.0804,25,52,N,0.417,,,,,,,,,,,,,,,,,,,,,,,,,,C,N,0.6614,1.5039,0.7492,18.9822,0.6909,17.1812,83,0
57,SOUTH,PV,12A,12,NC,PV_NC9,13.17,2.1781,15,33,14.8788,2.5168,18,34,N,1.324,L,5,S,11:46,9.73,10.7,11:51,9.38,10.7,11:55,9.15,10.7,12:02,8.84,10.6,12:05,8.71,10.6,12:11,8.5,10.6,12:15,8.37,10.6,G,C,N,0.7515,1.4974,0.8196,6.0994,0.7625,5.4765,83,0
58,SOUTH,PV,12A,12,NC,PV_NC10,88.67,13.9953,33,67,,,,,,,,,,,,,,,,,,,,,,,,,,,,,,,,,,0.8028,1.5115,1.0261,27.2026,0.8494,24.2536,83,0
59,SOUTH,PV,12B,12,NC,PV_NC11,24.6886,4.2919,22,40,26.7939,4.6987,22,43,N,0.596,L,5,S,11:46,9.53,10.7,11:51,9.06,10.7,11:55,8.73,10.7,12:02,8.37,10.6,12:05,8.21,10.6,12:11,7.97,10.6,12:15,7.86,10.6,M,C,Y,0.7374,1.5266,0.8264,9.9332,0.7582,8.9119,83,0
60,SOUTH,PV,2A,2,NF,PV_NF1,29.5248,5.7125,20,39,28.3354,5.3948,21,43,N,0.234,L,6,S,12:40,4.63,12.9,12:45,4.52,12.9,12:49,4.42,13,12:53,4.3,13,12:57,4.22,13,13:00,4.13,13,13:03,4.08,13,G,F,N,0.5602,1.5748,0.5751,11.0745,0.5665,10.1683,83,0
61,SOUTH,PV,2A,2,NF,PV_NF2,20.2343,3.4485,22,38,21.2278,3.6352,14,38,N,0.325,L,6,S,12:41,4.61,12.9,12:45,4.49,13,12:50,4.37,13,12:54,4.26,13,12:57,4.18,13,13:01,4.08,13,13:04,4.01,13,G,F,N,0.6245,1.5675,0.6655,8.1153,0.6326,7.3152,83,0
62,SOUTH,PV,2B,2,NF,PV_NF3,69.1488,12.4057,27,55,,,,,,,,,,,,,,,,,,,,,,,,,,,,,,,,,,,,,,,,5,1
63,SOUTH,PV,2B,2,NF,PV_NF4,10.6801,1.7343,17,33,11.0989,1.9103,16,33,N,0.702,S,6,S,12:39,5.13,12.9,12:43,4.9,12.9,12:48,4.66,13,12:52,4.45,13,12:56,4.3,13,12:59,4.14,13,13:03,3.99,13,G,F,Y,0.6137,1.4559,0.6476,4.9685,0.623,4.5258,83,0
64,SOUTH,PV,4A,4,NF,PV_NF5,8.4526,1.3238,16,30,9.0689,1.503,15,27,N,0.667,S,6,S,12:40,5.23,12.9,12:44,5.04,12.9,12:48,4.86,13,12:53,4.72,13,12:56,4.62,13,12:59,4.52,13,13:03,4.43,13,G,F,N,0.6403,1.4745,0.6523,4.2788,0.6452,3.8942,83,0
65,SOUTH,PV,4A,4,NF,PV_NF6,21.6933,3.6158,20,39,22.5924,3.8331,20,40,N,0.27,L,6,S,12:41,4.95,12.9,12:45,4.8,13,12:50,4.64,13,12:54,4.5,13,12:57,4.39,13,13:01,4.29,13,13:04,4.21,13,G,F,Y,0.6603,1.6163,0.6986,8.2449,0.6739,7.4251,83,0
66,SOUTH,PV,4B,4,NF,PV_NF7,22.2142,4.4368,20,39,22.2778,4.4678,19,38,N,0.299,L,6,S,12:41,5.32,12.9,12:46,5.15,13,12:51,4.99,13,12:54,4.86,13,12:57,4.75,13,13:01,4.65,13,13:04,4.57,13,M,F,N,0.7132,1.6249,0.7323,9.5233,0.7243,8.6997,83,0
67,SOUTH,PV,4B,4,NF,PV_NF8,38.7317,7.3618,27,44,,,,,,,,,,,,,,,,,,,,,,,,,,,,,,,,,,,,,,,,16,1
68,SOUTH,PV,8A,8,NF,PV_NF9,90.3174,15.8041,31,62,87.8103,14.8656,27,63,Y,,,,,,,,,,,,,,,,,,,,,,,,,,,F,N,0.712,1.1832,1.6825,27.4062,0.8656,24.6925,83,0
69,SOUTH,PV,8A,8,NF,PV_NF10,7.0639,1.132,16,29,8.722,1.3681,16,27,N,0.447,L,6,S,12:42,5.56,12.9,12:46,5.42,13,12:51,5.29,13,12:54,5.2,13,12:58,5.12,13,13:01,5.06,13,13:05,4.99,13,G,F,N,0.6747,1.4757,0.7017,4.0525,0.6806,3.6636,83,0
70,SOUTH,PV,8B,8,NF,PV_NF11,24.4917,4.7402,21,45,23.6044,4.7549,20,38,N,0.306,L,6,S,12:42,5.54,12.9,12:47,5.33,13,12:51,5.14,13,12:55,4.94,13,12:58,4.81,13,13:02,4.71,13,13:05,4.58,13,M,F,Y,0.7231,1.4961,0.8095,9.9207,0.7368,9.0225,83,0
71,SOUTH,PV,1A,1,SC,PV_SC1,33.128,5.979,22,45,31.1435,5.6305,21,45,N,0.919,L,7,S,14:02,8.8,15.9,14:07,8.63,15.9,14:11,8.39,15.9,14:16,8.16,15.9,14:21,7.95,15.9,14:26,7.75,15.9,14:29,7.62,15.9,G,C,N,0.6153,1.5299,0.6286,11.069,0.6219,10.2486,83,0
72,SOUTH,PV,1A,1,SC,PV_SC2,38.755,7.8771,22,49,35.1583,6.989,20,45,N,0.232,L,7,S,14:03,8.77,15.9,14:07,8.55,15.9,14:11,8.32,15.9,14:17,8.02,15.9,14:22,7.76,15.9,14:27,7.57,15.9,14:29,7.47,15.9,M,C,N,0.629,1.4674,0.6465,13.3412,0.6387,12.342,83,0
73,SOUTH,PV,1B,1,SC,PV_SC3,78.5906,13.0888,34,59,78.9677,13.0984,30,60,N,,,,,,,,,,,,,,,,,,,,,,,,,,,C,Y,0.6269,1.5085,1.1893,25.7792,0.6995,22.9383,83,0
74,SOUTH,PV,1B,1,SC,PV_SC4,7.7825,1.3677,16,27,9.3431,1.6717,14,29,N,1.472,S,7,S,14:01,9.94,15.9,14:05,9.62,15.9,14:09,9.24,15.9,14:15,8.77,15.9,14:19,8.61,15.9,14:25,8.24,15.9,14:28,8.02,15.9,G,C,N,0.6179,1.5983,0.6515,4.6279,0.6227,4.2557,83,0
75,SOUTH,PV,3A,3,SC,PV_SC5,10.1645,1.7991,17,30,11.3335,2.0606,17,31,N,1.577,S,7,S,14:02,9.87,15.9,14:05,9.49,15.9,14:10,9.11,15.9,14:15,8.64,15.9,14:20,8.35,15.9,14:25,8.06,15.9,14:28,7.87,15.9,G,C,N,0.7339,1.6046,0.755,5.3367,0.7414,4.8771,83,0
76,SOUTH,PV,3A,3,SC,PV_SC6,31.0803,5.4005,17,44,30.1665,5.3009,21,44,N,0.427,L,7,S,14:03,9.19,15.9,14:07,8.89,15.9,14:13,8.59,15.9,14:17,8.35,15.9,14:22,8.1,15.9,14:27,7.93,15.9,14:30,7.77,15.9,M,C,N,0.6742,1.5539,0.6899,10.9255,0.6818,10.0075,83,0
77,SOUTH,PV,3B,3,SC,PV_SC7,62.9065,11.4665,31,51,63.0837,11.6644,28,54,N,,,,,,,,,,,,,,,,,,,,,,,,,,,C,N,0.702,1.635,0.9356,22.0997,0.7416,20.066,83,0
78,SOUTH,PV,3B,3,SC,PV_SC8,11.7575,1.9839,16,31,13.172,2.2693,19,34,N,1.359,S,7,S,14:02,9.66,15.9,14:06,9.23,15.9,14:10,8.89,15.9,14:15,8.43,15.9,14:20,8.07,15.9,14:26,7.76,15.9,14:29,7.6,15.9,G,C,Y,0.6322,1.4545,0.6903,5.5699,0.6465,5.0425,83,0
79,SOUTH,PV,11A,11,SC,PV_SC9,91.4184,17.6567,28,60,,,,,,,,,,,,,,,,,,,,,,,,,,,,,,,,,,,,,,,,5,1
80,SOUTH,PV,11A,11,SC,PV_SC10,84.7527,13.6274,33,62,,,,,,,,,,,,,,,,,,,,,,,,,,,,,,,,,,0.6283,1.3893,0.7705,26.0418,0.661,23.5886,83,0
81,SOUTH,PV,5A,5,SF,PV_SF1,10.5321,1.893,13,30,11.3165,1.9652,19,30,N,1.962,S,8,S,14:51,7.26,18.3,14:54,6.97,18.5,14:58,6.66,18.5,15:02,6.37,18.5,15:05,6.19,18.5,15:07,5.95,18.5,15:11,5.78,18.5,G,F,N,0.647,1.4467,0.6743,5.0828,0.6561,4.6001,83,0
82,SOUTH,PV,5A,5,SF,PV_SF2,87.7213,16.4789,30,57,80.9482,13.7216,28,58,Y,1.904,,,,,,,,,,,,,,,,,,,,,,,,,,F,N,0.6248,1.6426,0.7614,25.1537,0.6537,22.938,83,0
83,SOUTH,PV,5B,5,SF,PV_SF3,8.1985,1.491,13,29,9.0049,1.6115,14,28,N,0.93,S,8,S,14:51,7.66,18.4,14:55,7.39,18.5,14:58,7.11,18.5,15:03,6.91,18.5,15:05,6.76,18.5,15:08,6.63,18.5,15:12,6.46,18.5,G,F,N,0.6231,1.6585,0.6361,4.5809,0.632,4.2133,83,0
84,SOUTH,PV,5B,5,SF,PV_SF4,62.9479,11.7995,26,51,,,,,,,,,,,,,,,,,,,,,,,,,,,,,,,,,,,,,,,,7,1
85,SOUTH,PV,7A,7,SF,PV_SF5,33.4227,5.2419,25,45,,,,,,,,,,,,,,,,,,,,,,,,,,,,,,,,,,,,,,,,38,1
86,SOUTH,PV,7A,7,SF,PV_SF6,16.0134,2.7925,19,35,16.0204,2.7807,19,33,N,0.403,S,8,S,14:52,7.73,18.4,14:55,7.48,18.5,14:59,7.27,18.5,15:03,7.01,18.5,15:05,6.88,18.5,15:08,6.68,18.5,15:12,6.47,18.5,G,F,N,0.6615,1.6762,0.6775,6.5957,0.6714,6.1015,83,0
87,SOUTH,PV,7B,7,SF,PV_SF7,12.3767,1.9412,18,32,11.6795,1.8009,17,32,Y,0.451,S,8,S,14:52,7.81,18.5,14:57,7.52,18.5,15:00,7.35,18.5,15:04,7.16,18.5,15:06,7.05,18.5,15:09,6.92,18.5,15:13,6.79,18.5,G,F,N,0.6234,1.6852,0.6335,4.9542,0.6294,4.6158,83,0
88,SOUTH,PV,7B,7,SF,PV_SF8,16.9981,2.9103,17,35,,,,,,,,,,,,,,,,,,,,,,,,,,,,,,,,,,,,,,,,54,1
89,SOUTH,PV,9A,9,SF,PV_SF9,65.9165,11.3719,29,53,,,,,,,,,,,,,,,,,,,,,,,,,,,,,,,,,,,,,,,,21,1
90,SOUTH,PV,9A,9,SF,PV_SF10,48.9812,8.6276,23,47,,,,,,,,,,,,,,,,,,,,,,,,,,,,,,,,,,,,,,,,22,1
91,SOUTH,PV,9B,9,SF,PV_SF11,29.1451,4.6037,22,43,28.6074,4.8098,21,42,N,0.645,L,8,S,14:53,7.66,18.5,14:57,7.2,18.5,15:01,7.03,18.5,15:04,6.89,18.5,15:07,6.77,18.5,15:10,6.64,18.5,15:14,6.5,18.5,M,F,Y,0.624,1.3889,0.6333,9.8424,0.6287,9.0403,83,0
92,SOUTH,WP,6A,6,NC,WP_NC1,14.3456,2.4432,16,34,16.5688,2.6787,17,35,N,1.581,L,9,S,11:22,7.18,10.7,11:26,7.03,10.6,11:31,6.88,10.6,11:36,6.73,10.6,11:42,6.57,10.6,11:47,6.48,10.6,11:53,6.4,10.6,G,C,N,0.6487,1.4204,0.7754,6.4115,0.6652,5.6357,83,0
93,SOUTH,WP,6A,6,NC,WP_NC2,13.8874,2.4994,17,35,15.6606,2.7528,15,33,N,1.815,L,9,S,11:22,7.24,10.7,11:27,7.07,10.6,11:32,6.92,10.6,11:36,6.81,10.6,11:43,6.63,10.6,11:47,6.53,10.6,11:54,6.38,10.6,G,C,N,0.675,1.5098,0.7533,6.6474,0.6878,5.8929,83,0
94,SOUTH,WP,6B,6,NC,WP_NC3,28.8589,5.3523,34,41,29.4401,5.297,20,40,N,-0.041,L,9,S,11:22,7.37,10.7,11:27,7.11,10.6,11:32,6.84,10.6,11:36,6.61,10.6,11:43,6.36,10.6,11:47,6.21,10.6,11:54,5.97,10.6,G,C,N,0.6525,1.5087,0.7489,11.0442,0.6667,9.8698,83,0
95,SOUTH,WP,6B,6,NC,WP_NC4,8.2323,1.5227,15,28,9.7982,1.7825,14,28,N,0.695,S,9,S,11:19,7.61,10.6,11:24,7.36,10.6,11:28,7.19,10.6,11:33,6.92,10.6,11:39,6.66,10.6,11:44,6.49,10.6,11:49,6.37,10.6,G,C,N,0.6614,1.4524,0.6904,4.7638,0.6688,4.2881,83,0
96,SOUTH,WP,10A,10,NC,WP_NC5,27.584,4.6771,20,40,28.5888,4.7884,24,44,N,2.351,L,9,S,11:23,7.85,10.6,11:28,7.59,10.6,11:33,7.33,10.6,11:37,7.11,10.6,11:43,6.9,10.6,11:48,6.74,10.6,11:54,6.52,10.6,G,C,Y,0.6791,1.7001,0.822,10.5339,0.6996,9.3503,83,0
97,SOUTH,WP,10A,10,NC,WP_NC6,1.5565,0.2848,8,16,2.9938,0.5155,12,20,N,0.274,S,9,S,11:20,8.35,10.7,11:24,8.14,10.6,11:30,7.94,10.6,11:34,7.78,10.6,11:40,7.63,10.6,11:45,7.51,10.6,11:50,7.38,10.6,G,C,N,0.6804,1.6918,0.6943,2.7106,0.6842,2.5377,83,0
98,SOUTH,WP,10B,10,NC,WP_NC7,45.2361,9.0188,25,44,43.0111,7.3782,23,46,N,0.342,,,,,,,,,,,,,,,,,,,,,,,,,,C,N,0.6672,1.6627,0.7473,14.6125,0.6886,13.4985,83,0
99,SOUTH,WP,10B,10,NC,WP_NC8,41.9886,7.3834,25,48,42.5025,6.839,28,46,N,0.093,,,,,,,,,,,,,,,,,,,,,,,,,,C,N,0.6813,1.6037,0.7561,13.8476,0.7058,12.4292,83,0
100,SOUTH,WP,12A,12,NC,WP_NC9,93.9138,17.075,29,63,90.4681,14.9793,35,63,N,0.878,,,,,,,,,,,,,,,,,,,,,,,,,,C,N,0.6665,1.7435,0.9911,28.2464,0.7153,25.2489,83,0
101,SOUTH,WP,12A,12,NC,WP_NC10,4.2848,0.8146,10,24,6.4078,1.1795,14,26,N,-0.004,S,9,S,11:21,8.4,10.7,11:25,8.08,10.6,11:30,7.73,10.6,11:35,7.48,10.6,11:41,7.24,10.6,11:46,7.03,10.6,11:50,6.85,10.6,G,C,N,0.6851,1.6284,0.7024,3.8227,0.6889,3.4887,83,0
102,SOUTH,WP,12B,12,NC,WP_NC11,9.8404,1.8257,13,28,12.1276,2.1053,18,32,N,0.895,S,9,S,11:21,8.42,10.7,11:25,7.91,10.6,11:31,7.45,10.6,11:35,7.14,10.6,11:42,6.76,10.6,11:46,6.54,10.6,11:50,6.31,10.6,G,C,N,0.7416,1.6495,0.7699,5.5215,0.7476,4.9446,83,0
103,SOUTH,WP,12B,12,NC,WP_NC12,3.8017,0.6241,11,22,5.662,0.8667,14,25,N,0.051,S,9,S,11:21,8.54,10.7,11:26,8.16,10.6,11:31,7.84,10.6,11:36,7.57,10.6,11:42,7.33,10.6,11:46,7.18,10.6,11:53,6.97,10.6,G,C,N,0.6968,1.6618,0.7247,3.3564,0.7018,3.0608,83,0
104,SOUTH,WP,2A,2,NF,WP_NF1,58.3004,11.5183,30,54,57.8739,11.2613,28,51,Y,1.67,,,,,,,,,,,,,,,,,,,,,,,,,,F,N,0.6782,1.6788,0.8552,21.4925,0.7015,19.488,83,0
105,SOUTH,WP,2A,2,NF,WP_NF2,4.3635,0.7418,12,23,5.8324,1.043,14,27,N,0.392,S,10,S,12:25,7.56,13,12:29,7.35,13.1,12:33,7.2,13.1,12:37,7.06,13.1,12:41,6.96,13.1,12:44,6.85,13.1,12:48,6.74,13.1,G,F,N,0.7301,2.3956,0.7475,4.1844,0.735,3.9002,83,0
106,SOUTH,WP,2B,2,NF,WP_NF3,54.6029,9.8534,22,50,53.3969,9.1052,25,49,N,0.336,,,,,,,,,,,,,,,,,,,,,,,,,,F,N,0.7662,2.3827,2.4806,28.978,0.9694,25.7294,83,0
107,SOUTH,WP,2B,2,NF,WP_NF4,26.153,4.7722,19,40,25.5823,4.1126,18,40,N,0.031,L,10,S,12:28,7.19,13.1,12:32,7.03,13.1,12:36,6.91,13.1,12:39,6.78,13.1,12:43,6.68,13.1,12:47,6.59,13.1,12:50,6.51,13.1,G,F,N,0.7578,1.7338,0.7996,9.1198,0.7674,8.2807,83,0
108,SOUTH,WP,4A,4,NF,WP_NF5,49.2872,10.553,24,49,,,,,,,,,,,,,,,,,,,,,,,,,,,,,,,,,,0.7049,1.8853,0.8237,19.7601,0.7281,17.8623,83,0
109,SOUTH,WP,4A,4,NF,WP_NF6,12.0422,2.1217,14,33,12.7104,2.1866,18,34,N,0.382,S,10,S,12:26,7.46,13.1,12:30,7.16,13.1,12:34,6.89,13.1,12:38,6.65,13.1,12:41,6.48,13.1,12:45,6.31,13.1,12:48,6.16,13.1,G,F,N,0.6695,1.8565,0.7082,5.7858,0.6792,5.2753,83,0
110,SOUTH,WP,4B,4,NF,WP_NF7,3.6576,0.6551,12,21,5.627,0.8712,14,24,N,0.368,S,10,S,12:26,7.83,13.1,12:30,7.52,13.1,12:34,7.33,13.1,12:38,7.18,13.1,12:42,7.04,13.1,12:45,6.94,13.1,12:48,6.83,13.1,G,F,N,0.7132,1.9934,0.7444,3.6318,0.7313,3.3743,83,0
111,SOUTH,WP,4B,4,NF,WP_NF8,3.9015,0.6516,11,22,5.1894,0.8308,13,22,N,0.529,S,10,S,12:27,7.97,13.1,12:31,7.77,13.1,12:35,7.6,13.1,12:38,7.42,13.1,12:42,7.29,13.1,12:45,7.16,13.1,12:49,7.05,13.1,G,F,N,0.6471,2.1127,0.6879,3.6808,0.6556,3.4378,83,0
112,SOUTH,WP,8A,8,NF,WP_NF9,3.7445,0.6104,11,21,5.1514,0.7994,14,24,N,0.53,S,10,S,12:27,8.05,13.1,12:31,7.66,13.1,12:35,7.38,13.1,12:39,7.17,13.1,12:42,6.99,13.1,12:46,6.81,13.1,12:49,6.66,13.1,F,F,N,0.6966,2.0972,0.7323,3.6438,0.7036,3.3884,83,0
113,SOUTH,WP,8A,8,NF,WP_NF10,20.0366,3.4909,19,37,20.4668,3.46,18,37,N,1.111,L,10,S,12:28,7.79,13.1,12:32,7.55,13.1,12:36,7.02,13.1,12:40,6.78,13.1,12:43,6.59,13.1,12:47,6.43,13.1,12:50,6.3,13.1,M,F,N,0.6941,1.9369,0.7183,8.2194,0.7032,7.3167,83,0
114,SOUTH,WP,8B,8,NF,WP_NF11,7.3469,1.3459,13,27,8.8302,1.5079,15,28,N,0.47,S,10,S,12:27,8.41,13.1,12:31,8.04,13.1,12:35,7.59,13.1,12:39,7.36,13.1,12:43,7.12,13.1,12:46,6.98,13.1,12:50,6.83,13.1,G,F,N,0.6998,1.8693,0.7274,4.6911,0.705,4.2999,83,0
115,SOUTH,WP,8B,8,NF,WP_NF12,20.3183,3.5855,20,40,20.2865,3.5075,19,38,N,0.105,L,10,S,12:29,8.16,13.1,12:32,7.75,13.1,12:36,7.42,13.1,12:40,7.14,13.1,12:44,6.93,13.1,12:47,6.69,13.1,12:51,6.51,13.1,M,F,N,0.6924,1.8183,0.722,8.0989,0.6985,7.4159,83,0
116,SOUTH,WP,1A,1,SC,WP_SC1,49.8083,9.984,24,48,45.0825,7.6717,24,49,Y,2.034,,,,,,,,,,,,,,,,,,,,,,,,,,C,N,0.6587,1.807,0.7156,15.4549,0.6725,13.9234,83,0
117,SOUTH,WP,1A,1,SC,WP_SC2,3.1201,0.5633,10,22,4.8187,0.7931,14,23,N,0.503,S,11,S,13:45,9.23,16,13:50,8.98,15.9,13:55,8.75,15.9,14:01,8.52,15.9,14:06,8.31,15.9,14:12,8.11,15.9,14:15,8.02,15.9,G,C,N,0.6374,1.8782,0.653,3.3999,0.642,3.1773,83,0
118,SOUTH,WP,1B,1,SC,WP_SC3,28.7006,5.0817,21,43,29.2847,5.0014,21,43,N,0.505,L,11,S,13:48,9.21,15.9,13:53,8.51,15.9,14:00,8.03,15.9,14:04,7.79,15.9,14:10,7.55,15.9,14:14,7.37,15.9,14:18,7.2,15.9,M,C,N,0.6688,1.8276,0.7712,10.7032,0.6875,9.7082,83,0
119,SOUTH,WP,1B,1,SC,WP_SC4,56.3617,9.1695,25,54,55.3792,8.7513,23,51,N,3.213,,,,,,,,,,,,,,,,,,,,,,,,,,C,N,0.6533,1.9532,0.7091,18.2976,0.6655,16.4737,83,0
120,SOUTH,WP,3A,3,SC,WP_SC5,11.1266,2.1398,17,31,11.4566,2.1515,15,31,N,0.329,S,11,S,13:46,9.09,16,13:50,8.74,15.9,13:56,8.35,15.9,14:02,8.04,15.9,14:06,7.75,15.9,14:12,7.42,15.9,14:16,7.26,15.9,G,C,N,0.6976,1.8542,0.7205,5.7532,0.7018,5.2333,83,0
121,SOUTH,WP,3A,3,SC,WP_SC6,30.4219,5.3507,21,42,,,,,,,,,,,,,,,,,,,,,,,,,,,,,,,,,,,,,,,,72,1
122,SOUTH,WP,3B,3,SC,WP_SC7,15.5384,2.7407,16,34,15.4201,2.6034,18,35,N,,L,11,S,13:49,9.22,15.9,13:54,8.74,15.9,14:00,8.45,15.9,14:05,8.32,15.9,14:10,8.04,15.9,14:14,7.94,15.9,14:19,7.78,15.9,M,C,N,0.6993,1.6124,0.7523,6.3721,0.7094,5.7724,83,0
123,SOUTH,WP,3B,3,SC,WP_SC8,5.2297,0.8633,12,24,6.6785,1.0966,14,25,N,1.042,S,11,S,13:47,9.42,16,13:51,9.1,15.9,13:57,8.69,15.9,14:03,8.39,15.9,14:07,8.22,15.9,14:13,7.97,15.9,14:17,7.81,15.9,G,C,N,0.6288,1.6584,0.6733,3.7707,0.6356,3.4447,83,0
124,SOUTH,WP,11A,11,SC,WP_SC9,2.8533,0.523,10,21,5.1202,0.8875,11,25,N,0.824,S,11,S,13:47,9.64,15.9,13:51,9.38,15.9,13:57,9.04,15.9,14:03,8.7,15.9,14:07,8.55,15.9,14:13,8.29,15.9,14:17,8.14,15.9,G,C,N,0.6254,1.5125,0.6597,3.2385,0.6324,2.9794,83,0
125,SOUTH,WP,11A,11,SC,WP_SC10,3.7493,0.633,12,23,5.9036,0.9197,14,26,N,1.179,S,11,S,13:48,9.74,15.9,13:52,9.46,15.9,13:59,8.93,15.9,14:04,8.57,15.9,14:08,8.4,15.9,14:13,8.23,15.9,14:17,8.08,15.9,G,C,N,0.6857,1.3571,0.7087,3.1562,0.6905,2.8824,83,0
126,SOUTH,WP,11B,11,SC,WP_SC11,5.78,1.0782,12,25,7.1571,1.2924,14,28,N,0.928,S,11,S,13:48,9.7,15.9,13:52,9.35,15.9,13:59,8.87,15.9,14:04,8.54,15.9,14:09,8.3,15.9,14:14,8.07,15.9,14:18,7.86,15.9,G,C,N,0.8124,2.0217,0.8492,4.4207,0.8198,4.0771,83,0
127,SOUTH,WP,11B,11,SC,WP_SC12,47.7482,9.5928,23,47,42.793,7.6324,23,47,N,0.691,,,,,,,,,,,,,,,,,,,,,,,,,,C,N,0.7219,2.0519,0.7623,15.3831,0.7366,14.093,83,0
128,SOUTH,WP,6A,6,SF,WP_SF1,52.6618,10.9998,26,53,,,,,,,,,,,,,,,,,,,,,,,,,,,,,,,,,,,,,,,,6,1
129,SOUTH,WP,6A,6,SF,WP_SF2,89.5946,15.1025,29,60,,,,,,,,,,,,,,,,,,,,,,,,,,,,,,,,,,,,,,,,6,1
130,SOUTH,WP,6B,6,SF,WP_SF3,7.7476,1.4503,14,27,8.1656,1.4816,16,26,N,0.527,S,12,S,14:41,8.13,18.2,14:45,7.75,18.6,14:51,7.56,18.7,14:54,7.37,18.6,15:00,7.2,18.6,15:04,6.94,18.7,15:07,6.81,18.6,G,F,N,0.7693,1.8751,0.7827,4.5891,0.7751,4.2272,83,0
131,SOUTH,WP,6B,6,SF,WP_SF4,20.1312,3.5406,19,36,19.7943,3.3525,18,37,N,0.312,L,12,S,14:45,7.73,18.5,14:50,7.47,18.7,14:54,7.34,18.6,14:59,7.17,18.6,15:04,7.05,18.6,15:07,6.94,18.6,15:11,6.82,18.6,G,F,N,0.8113,1.841,0.825,7.8031,0.8171,7.1505,83,0
132,SOUTH,WP,7A,7,SF,WP_SF5,2.9162,0.472,8,19,4.199,0.6535,13,23,N,0.445,S,12,S,14:42,8.31,18.4,14:48,7.95,18.7,14:51,7.84,18.7,14:55,7.72,18.6,15:01,7.52,18.6,15:05,7.38,18.6,15:08,7.29,18.6,G,F,N,0.7624,1.5481,0.781,2.8058,0.7677,2.6076,83,0
133,SOUTH,WP,7A,7,SF,WP_SF6,8.3317,3.4436,16,36,,,,,,,,,,,,,,,,,,,,,,,,,,,,,,,,,,,,,,,,44,1
134,SOUTH,WP,7B,7,SF,WP_SF7,30.4824,5.6527,24,43,,,,,,,,,,,,,,,,,,,,,,,,,,,,,,,,,,,,,,,,56,1
135,SOUTH,WP,7B,7,SF,WP_SF8,8.3927,1.4612,15,30,8.941,1.5003,14,28,N,-0.317,S,12,S,14:43,8.12,18.4,14:48,7.73,18.7,14:52,7.54,18.7,14:56,7.35,18.6,15:02,7.08,18.6,15:05,6.92,18.6,15:09,6.79,18.6,G,F,N,0.7115,1.7294,0.723,4.4859,0.7181,4.1528,83,0
136,SOUTH,WP,9A,9,SF,WP_SF9,6.3324,1.1054,15,27,7.0693,1.2124,14,26,N,0.2,S,12,S,14:43,8.36,18.4,14:49,7.93,18.7,14:52,7.75,18.7,14:56,7.55,18.6,15:02,7.28,18.6,15:06,7.12,18.6,15:09,6.99,18.6,G,F,N,0.7505,1.6451,0.7835,3.8665,0.757,3.5603,83,0
137,SOUTH,WP,9A,9,SF,WP_SF10,50.2893,9.2812,28,50,,,,,,,,,,,,,,,,,,,,,,,,,,,,,,,,,,,,,,,,41,1
138,SOUTH,WP,9B,9,SF,WP_SF11,35.7764,5.9042,27,49,,,,,,,,,,,,,,,,,,,,,,,,,,,,,,,,,,,,,,,,83,0
139,SOUTH,WP,9B,9,SF,WP_SF12,10.1127,2.0007,14,29,11.0149,1.9619,17,28,N,0.257,S,12,S,14:44,8.36,18.5,14:49,7.76,18.7,14:53,7.45,18.7,14:58,6.93,18.7,15:03,6.52,18.6,15:06,6.22,18.6,15:10,5.82,18.6,G,F,N,0.7138,1.6015,0.733,5.1865,0.7188,4.7359,83,0
140,NORTH,PA,6A,6,NC,PA_NC1,32.812,5.3053,25,43,33.5691,5.1101,26,42,N,0.208,L,21,S,10:48,7.42,10.7,10:54,7.18,10.7,10:59,6.95,10.6,11:05,6.74,10.6,11:09,6.56,10.6,11:14,6.41,10.6,11:19,6.24,10.6,G,C,N,0.743,1.8905,1.4857,11.0431,0.805,9.8233,83,0
141,NORTH,PA,6A,6,NC,PA_NC2,12.0748,1.7858,17,33,14.4601,1.9993,19,33,N,0.845,S,21,S,10:44,7.4,10.7,10:51,7.14,10.7,10:56,6.67,10.6,11:01,6.19,10.6,11:07,5.85,10.6,11:11,5.63,10.6,11:16,5.46,10.6,G,C,N,0.8998,1.8625,0.9975,5.5936,0.9156,4.9794,83,0
142,NORTH,PA,6A,6,NC,PA_NC3,23.6196,3.8896,23,42,25.4758,3.9177,22,41,N,0.796,,,,,,,,,,,,,,,,,,,,,,,,,,C,N,0.9213,1.8413,1.332,8.9433,0.9566,8.0062,83,0
143,NORTH,PA,6B,6,NC,PA_NC4,16.2778,2.7348,20,33,18.766,2.905,20,35,N,0.993,L,21,S,10:48,8.01,10.7,10:54,7.86,10.7,10:59,7.73,10.6,11:05,7.58,10.6,11:10,7.48,10.6,11:14,7.38,10.6,11:19,7.26,10.6,G,C,N,0.8725,1.7823,1.0681,7.1048,0.8955,6.3069,83,0
144,NORTH,PA,6B,6,NC,PA_NC5,9.8598,1.6501,15,29,11.8567,1.843,17,31,N,1.496,S,21,S,10:45,8.03,10.7,10:51,7.58,10.7,10:56,7.33,10.6,11:01,7.02,10.6,11:07,6.7,10.6,11:11,6.5,10.6,11:16,6.26,10.6,G,C,N,0.931,1.7639,1.0338,5.1561,0.9458,4.6379,83,0
145,NORTH,PA,6B,6,NC,PA_NC6,21.6203,3.4754,19,40,22.9829,3.5164,21,40,N,0.98,,,,,,,,,,,,,,,,,,,,,,,,,,C,N,0.8234,1.7624,1.1532,8.1165,0.8555,7.0666,83,0
146,NORTH,PA,10A,10,NC,PA_NC7,26.2392,4.524,21,41,27.415,4.372,24,41,N,0.202,L,21,S,10:49,7.9,10.7,10:55,7.72,10.7,11:00,7.48,10.6,11:06,7.27,10.6,11:10,7.12,10.6,11:15,6.98,10.6,11:20,6.76,10.6,M,C,N,0.7908,1.724,1.382,9.5613,0.8357,8.5016,83,0
147,NORTH,PA,10A,10,NC,PA_NC8,19.5598,3.1234,20,38,20.3625,3.1363,24,39,N,0.926,L,21,S,10:49,8.41,10.7,10:55,8.21,10.7,11:00,8.04,10.6,11:06,7.9,10.6,11:10,7.76,10.6,11:16,7.64,10.6,11:20,7.52,10.6,G,C,N,0.7784,1.7418,1.1931,7.4578,0.8102,6.5755,83,0
148,NORTH,PA,10A,10,NC,PA_NC9,11.3907,2.1326,16,30,13.0807,2.2762,19,32,N,0.757,S,21,S,10:45,8.42,10.7,10:51,8.08,10.7,10:57,7.68,10.6,11:02,7.23,10.6,11:07,7,10.6,11:12,6.79,10.6,11:17,6.56,10.6,G,C,N,0.7646,1.9136,0.8366,6.0533,0.7761,5.4663,83,0
149,NORTH,PA,10B,10,NC,PA_NC10,5.0779,0.9108,11,23,6.5602,1.126,14,27,N,0.526,S,21,S,10:45,8.3,10.7,10:52,7.98,10.7,10:57,7.76,10.6,11:03,7.53,10.6,11:08,7.31,10.6,11:12,7.18,10.6,11:17,6.99,10.6,G,C,N,0.7713,1.8833,0.8416,4.1126,0.7792,3.7274,83,0
150,NORTH,PA,10B,10,NC,PA_NC11,3.9222,0.6954,12,22,6.0064,0.9947,15,25,N,0.338,S,21,S,10:46,8.67,10.7,10:52,8.36,10.7,10:58,8.13,10.6,11:03,7.91,10.6,11:08,7.73,10.6,11:13,7.59,10.6,11:18,7.44,10.6,M,C,N,0.7988,1.647,0.8859,3.5227,0.8303,3.2278,83,0
151,NORTH,PA,10B,10,NC,PA_NC12,22.2652,3.7097,20,48,23.9266,3.6846,23,40,N,0.855,L,21,S,10:48,8.38,10.7,10:54,8.05,10.7,11:00,7.75,10.6,11:05,7.5,10.6,11:10,7.28,10.6,11:15,7.07,10.6,11:19,6.88,10.6,G,C,N,0.8337,1.8426,1.3361,8.4882,0.8711,7.473,83,0
152,NORTH,PA,12A,12,NC,PA_NC13,6.0983,0.9948,13,26,7.2225,1.1105,16,26,N,0.677,S,21,S,10:46,8.64,10.7,10:53,8.36,10.7,10:58,8.21,10.6,11:04,7.9,10.6,11:09,7.66,10.6,11:13,7.48,10.6,11:18,7.32,10.6,G,C,N,0.9412,1.9121,0.9761,4.0748,0.9507,3.6911,83,0
153,NORTH,PA,12A,12,NC,PA_NC14,13.3179,2.1263,19,33,15.3022,2.3037,21,34,N,0.927,S,21,S,10:47,8.74,10.7,10:53,8.26,10.7,10:58,7.69,10.6,11:04,7.32,10.6,11:09,6.9,10.6,11:13,6.6,10.6,11:18,6.29,10.6,G,C,N,0.7092,1.8282,0.8524,6.0607,0.7251,5.3651,83,0
154,NORTH,PA,12A,12,NC,PA_NC15,31.1205,5.2618,21,43,31.3382,5.15,24,44,N,0.562,,,,,,,,,,,,,,,,,,,,,,,,,,C,N,0.7986,1.8207,1.1484,11.138,0.8355,9.8473,83,0
155,NORTH,PA,12B,12,NC,PA_NC16,6.7221,1.1771,15,25,8.5434,1.3991,14,27,N,0.635,S,21,S,10:47,8.84,10.7,10:53,8.6,10.7,10:59,8.25,10.6,11:04,8.05,10.6,11:09,7.85,10.6,11:14,7.67,10.6,11:19,7.48,10.6,G,C,N,0.7379,1.7838,0.8304,4.4207,0.7479,4.0169,83,0
156,NORTH,PA,12B,12,NC,PA_NC17,14.9727,2.3681,17,33,16.4368,2.4838,21,35,N,1.009,L,21,S,10:50,8.8,10.7,10:55,8.52,10.6,11:01,8.26,10.6,11:06,8.04,10.6,11:11,7.88,10.6,11:16,7.74,10.6,11:20,7.63,10.6,G,C,N,0.6575,1.7473,0.7831,6.3749,0.6721,5.6772,83,0
157,NORTH,PA,12B,12,NC,PA_NC18,6.8582,1.0741,16,25,7.7462,1.1903,14,28,N,0.537,,,,,,,,,,,,,,,,,,,,,,,,,,C,N,0.6896,1.7244,0.7537,3.9961,0.704,3.635,83,0
158,NORTH,PA,2A,2,NF,PA_NF1,14.1422,2.2872,17,33,14.3279,2.2474,20,33,N,0.076,S,22,S,12:18,7.04,13.1,12:24,6.56,13.1,12:30,6.19,13.2,12:37,5.79,13.2,12:43,5.5,13.2,12:49,5.07,13.2,12:55,4.72,13.2,G,F,N,0.6813,2.1854,0.7386,6.2829,0.6918,5.7174,83,0
159,NORTH,PA,2A,2,NF,PA_NF2,38.2572,6.3074,24,45,33.2288,4.4406,,,Y,0.095,,,,,,,,,,,,,,,,,,,,,,,,,,F,N,0.6929,2.098,1.5715,9.8898,0.7597,8.9915,83,0
160,NORTH,PA,2A,2,NF,PA_NF3,5.8005,0.9704,13,25,6.5413,1.0657,15,25,N,0.399,S,22,S,12:19,8,13.1,12:25,7.49,13.1,12:31,7.25,13.2,12:38,7.05,13.2,12:44,6.96,13.2,12:50,6.71,13.2,12:56,6.52,13.2,G,F,N,0.7785,1.9712,0.8269,3.9772,0.7881,3.6551,83,0
161,NORTH,PA,2B,2,NF,PA_NF4,39.7965,6.2417,24,47,39.1556,5.5338,26,48,N,0.229,,,,,,,,,,,,,,,,,,,,,,,,,,F,N,0.7093,2.011,1.3323,11.8537,0.6133,10.5869,83,0
162,NORTH,PA,2B,2,NF,PA_NF5,6.1169,1.074,13,26,7.2736,1.204,16,28,N,0.635,S,22,S,12:20,7.6,13.1,12:25,7.35,13.2,12:31,7.11,13.2,12:38,6.87,13.2,12:44,6.7,13.2,12:40,6.48,13.2,12:56,6.33,13.2,G,F,N,0.7122,1.8319,0.7769,4.034,0.7261,3.7046,83,0
163,NORTH,PA,2B,2,NF,PA_NF6,30.1707,4.4852,23,44,30.8472,4.2529,21,43,N,0.117,L,22,S,12:21,7.37,13.1,12:27,7.02,13.1,12:34,6.73,13.2,12:40,6.42,13.2,12:46,6.15,13.2,12:52,5.91,13.2,12:58,5.68,13.2,M,F,N,0.7282,1.873,1.5007,9.5,0.77902,8.4581,83,0
164,NORTH,PA,4A,4,NF,PA_NF7,12.3425,1.9907,17,32,12.7336,1.9754,17,33,N,0.41,S,22,S,12:20,7.55,13.1,12:26,7.09,13.1,12:32,6.59,13.2,12:39,6.25,13.2,12:44,6.03,13.2,12:50,5.72,13.2,12:56,5.38,13.2,G,F,N,0.7685,1.9486,0.7966,5.5768,0.7783,5.0679,83,0
165,NORTH,PA,4A,4,NF,PA_NF8,25.2743,4.0641,21,38,23.9455,3.2208,25,37,N,0.204,L,22,S,12:21,8.26,13.1,12:28,8.14,13.1,12:35,7.85,13.2,12:41,7.62,13.2,12:46,7.4,13.2,12:53,7.22,13.2,12:58,7.36,13.2,M,F,N,0.727,1.9656,0.9452,7.7956,0.74988,6.9074,83,0
166,NORTH,PA,4A,4,NF,PA_NF9,35.6535,5.4938,27,47,32.9998,4.6148,27,45,Y,0.043,,,,,,,,,,,,,,,,,,,,,,,,,,F,N,0.8277,1.7944,1.3043,10.0276,0.8715,9.0747,83,0
167,NORTH,PA,4B,4,NF,PA_NF10,9.0513,1.5501,14,30,10.067,1.5934,17,32,N,0.509,S,22,S,12:20,7.81,13.1,12:26,7.48,13.1,12:33,7.18,13.2,12:39,6.93,13.2,12:45,6.73,13.2,12:51,6.54,13.2,12:57,6.32,13.2,G,F,N,0.6237,1.7605,0.6802,4.7147,0.6324,4.2788,83,0
168,NORTH,PA,4B,4,NF,PA_NF11,16.2688,2.4815,19,33,16.8829,2.3984,24,36,N,0.104,S,22,S,12:20,7.19,13.1,12:26,6.56,13.1,12:33,5.89,13.2,12:39,5.4,13.2,12:45,4.74,13.2,12:51,4.18,13.2,12:57,3.77,13.2,G,F,N,0.7998,2.1494,1.0096,6.5685,0.8217,5.8945,83,0
169,NORTH,PA,4B,4,NF,PA_NF12,23.7993,3.9652,22,39,24.1409,3.8297,24,41,N,0.093,L,22,S,12:22,7.99,13.1,12:28,7.7,13.1,12:35,7.42,13.2,12:41,7.16,13.2,12:47,6.94,13.2,12:53,6.74,13.2,12:59,6.54,13.2,M,F,N,0.4452,2.0816,0.8041,8.9214,0.4771,8.0543,83,0
170,NORTH,PA,8A,8,NF,PA_NF13,20.5241,3.0637,23,39,21.0236,2.8914,26,37,N,0.264,L,22,S,12:22,8.06,13.1,12:29,7.73,13.1,12:35,7.43,13.2,12:41,7.19,13.2,12:47,6.98,13.2,12:53,6.8,13.2,12:59,6.63,13.2,G,F,N,0.3468,1.5219,0.4432,6.8895,0.3659,6.1092,83,0
171,NORTH,PA,8A,8,NF,PA_NF14,29.7964,4.6192,24,43,29.6599,4.3476,27,43,N,0.113,,,,,,,,,,,,,,,,,,,,,,,,,,F,N,0.4193,1.8019,0.9058,9.6941,0.4603,8.6332,83,0
172,NORTH,PA,8A,8,NF,PA_NF15,16.1896,2.5412,20,37,16.8486,2.5695,22,37,N,0.479,,,,,,,,,,,,,,,,,,,,,,,,,,F,N,0.8323,1.7843,0.9793,6.5094,0.8485,5.8465,83,0
173,NORTH,PA,8B,8,NF,PA_NF16,6.1233,1.0588,14,25,6.9982,1.1935,18,27,N,0.679,S,22,S,12:21,8.22,13.1,12:27,7.93,13.1,12:34,7.59,13.2,12:40,7.28,13.2,12:46,7.1,13.2,12:52,6.91,13.2,12:58,6.71,13.2,G,F,N,0.7611,1.6791,0.806,3.8717,0.7726,3.5458,83,0
174,NORTH,PA,8B,8,NF,PA_NF17,22.226,3.5475,23,39,22.1398,3.3951,24,40,N,0.125,L,22,S,12:22,8.6,13.1,12:29,7.98,13.1,12:36,7.69,13.2,12:42,7.45,13.2,12:47,7.25,13.2,12:54,7.06,13.2,12:59,6.89,13.2,M,F,N,0.7823,1.6862,0.9769,7.8078,0.8044,7.0381,83,0
175,NORTH,PA,8B,8,NF,PA_NF18,13.0581,1.9855,17,35,13.4237,1.935,18,34,N,0.479,L,22,S,12:22,8.31,13.1,12:29,8.02,13.1,12:36,7.79,13.2,12:43,7.54,13.2,12:48,7.38,13.2,12:54,7.19,13.2,13:00,7.07,13.2,G,F,N,0.7558,1.701,0.7717,5.1848,0.7633,4.6356,83,0
176,NORTH,PA,1A,1,SC,PA_SC1,15.8856,2.6689,18,33,,,,,,,,,,,,,,,,,,,,,,,,,,,,,,,,,,,,,,,,68,1
177,NORTH,PA,1A,1,SC,PA_SC2,20.0298,3.0885,21,37,19.892,3.0556,22,39,N,0.273,L,23,S,14:19,8.82,16.2,14:25,8.55,16.1,14:32,8.23,16.1,14:39,8.04,16.1,14:44,7.85,16.1,14:50,7.65,16.1,14:57,7.43,16.1,G,C,N,0.653,1.7187,0.9762,7.2092,0.6828,6.4556,83,0
178,NORTH,PA,1A,1,SC,PA_SC3,10.6935,1.6023,17,32,10.9844,1.6865,20,31,N,0.352,S,23,S,14:15,7.95,16.2,14:21,7.52,16.1,14:29,6.94,16.1,14:36,6.37,16.1,14:41,5.96,16.1,14:47,5.57,16.1,14:54,5.14,16.1,G,C,N,0.7281,1.7265,0.7773,4.8072,0.7392,4.3474,83,0
179,NORTH,PA,1B,1,SC,PA_SC4,33.4435,5.3738,21,44,33.1957,5.0552,27,46,N,0.416,,,,,,,,,,,,,,,,,,,,,,,,,,C,N,0.8162,1.7446,1.1222,11.1183,0.8553,9.9289,83,0
180,NORTH,PA,1B,1,SC,PA_SC5,25.2466,4.195,24,41,24.5525,3.9227,23,41,N,0.163,L,23,S,14:19,8.46,16.2,14:25,8.13,16.1,14:32,7.75,16.1,14:39,7.48,16.1,14:45,7.18,16.1,14:50,6.9,16.1,14:57,6.61,16.1,G,C,N,0.6834,1.6662,1.0428,8.6644,0.72,7.7721,83,0
181,NORTH,PA,1B,1,SC,PA_SC6,21.1701,3.3089,18,37,21.8729,3.3318,21,38,N,1.141,L,23,S,14:19,8.65,16.2,14:25,8.32,16.1,14:33,7.97,16.1,14:39,7.69,16.1,14:45,7.41,16.1,14:50,7.23,16.1,14:57,6.98,16.1,M,C,N,0.6855,1.7388,0.8688,7.6954,0.7114,6.8848,83,0
182,NORTH,PA,3A,3,SC,PA_SC7,10.6666,1.8314,15,32,11.0709,1.7795,17,31,N,0.49,S,23,S,14:15,8.38,16.2,14:21,7.84,16.2,14:29,7.35,16.1,14:36,6.91,16.1,14:41,6.66,16.1,14:47,6.34,16.1,14:54,5.96,16.1,G,C,N,0.6131,1.7538,0.6632,5.0389,0.6238,4.5659,83,0
183,NORTH,PA,3A,3,SC,PA_SC8,9.8667,1.8312,17,29,10.4207,1.8301,18,28,N,0.274,S,23,S,14:16,8.18,16.2,14:23,7.54,16.1,14:30,6.96,16.1,14:37,6.37,16.1,14:42,5.99,16.1,14:48,5.56,16.1,14:55,5.14,16.1,G,C,N,0.6185,1.5794,0.6679,4.8992,0.6294,4.4452,83,0
184,NORTH,PA,3A,3,SC,PA_SC9,24.2189,3.6505,23,39,23.8633,3.583,24,40,N,0.426,L,23,S,14:19,8.57,16.2,14:26,8.11,16.1,14:33,7.61,16.1,14:40,7.21,16.1,14:45,6.87,16.1,14:51,6.53,16.1,14:57,6.18,16.1,G,C,N,0.661,2.1129,0.7325,8.5818,0.679,7.7625,83,0
185,NORTH,PA,3B,3,SC,PA_SC10,8.5748,1.4241,14,29,10.4534,1.6421,15,30,N,1.062,S,23,S,14:16,8.53,16.2,14:23,7.93,16.1,14:30,7.47,16.1,14:37,7.02,16.1,14:43,6.68,16.1,14:48,6.38,16.1,14:55,6.02,16.1,G,C,N,0.6839,2.1602,0.7799,5.2373,0.7042,4.7718,83,0
186,NORTH,PA,3B,3,SC,PA_SC11,6.7417,1.1667,15,27,7.6637,1.2928,17,25,N,0.749,S,23,S,14:17,8.87,16.2,14:23,8.33,16.1,14:30,7.91,16.1,14:38,7.57,16.1,14:43,7.33,16.1,14:49,7.08,16.1,14:55,6.79,16.1,G,C,N,0.6311,1.9539,0.7033,4.322,0.6482,3.9757,83,0
187,NORTH,PA,3B,3,SC,PA_SC12,5.0227,0.8666,14,24,6.1407,0.9682,13,26,N,0.943,S,23,S,14:17,9.03,16.2,14:24,8.38,16.1,14:31,7.95,16.1,14:38,7.5,16.1,14:43,7.29,16.1,14:49,6.96,16.1,14:56,6.79,16.1,G,C,N,0.6171,1.9404,0.7059,3.7475,0.6343,3.4588,83,0
188,NORTH,PA,11A,11,SC,PA_SC13,27.2449,4.3655,22,42,27.214,4.2041,24,43,N,0.299,L,23,S,14:20,8.72,16.2,14:26,8.02,16.1,14:34,7.42,16.1,14:40,7.01,16.1,14:45,6.7,16.1,14:52,6.29,16.1,14:58,5.98,16.1,M,C,N,0.6039,1.9351,1.0854,9.4689,0.6526,8.4527,83,0
189,NORTH,PA,11A,11,SC,PA_SC14,8.1185,1.3595,15,29,8.7807,1.4371,18,30,N,1.187,S,23,S,14:18,8.96,16.2,14:24,8.46,16.1,14:31,7.95,16.1,14:38,7.55,16.1,14:44,7.28,16.1,14:49,7.03,16.1,14:56,6.72,16.1,G,C,N,0.7933,1.9507,0.8637,4.6198,0.8098,4.2314,83,0
190,NORTH,PA,11A,11,SC,PA_SC15,19.4339,2.9467,22,40,19.0092,2.8798,14,28,N,0.359,,,,,,,,,,,,,,,,,,,,,,,,,,C,Y,0.6173,1.9438,0.7068,7.1294,0.6329,6.4552,83,0
191,NORTH,PA,11B,11,SC,PA_SC16,21.5862,3.3126,21,37,21.8075,3.2914,23,39,N,0.358,,,,,,,,,,,,,,,,,,,,,,,,,,C,N,0.6873,2.059,0.8627,8.0531,0.7164,7.3301,83,0
192,NORTH,PA,11B,11,SC,PA_SC17,13.2762,2.1164,17,33,14.175,2.1891,22,31,N,1.26,L,23,S,14:20,10.09,16.2,14:27,9.65,16.2,14:35,9.34,16.1,14:40,9.07,16.1,14:46,8.9,16.1,14:53,8.63,16.1,14:58,8.4,16.1,G,C,N,0.7009,2.1684,0.8586,6.1278,0.7252,5.5894,83,0
193,NORTH,PA,11B,11,SC,PA_SC18,13.3909,2.0688,18,33,13.8563,2.1984,20,33,N,0.514,,,,,,,,,,,,,,,,,,,,,,,,,,C,N,0.6945,1.8915,0.7881,5.9246,0.7131,5.3824,83,0
194,NORTH,PA,5A,5,SF,PA_SF1,11.9592,1.8839,18,30,12.1827,1.8871,18,30,N,0.287,S,24,S,15:32,8.48,18.2,15:37,7.89,18.6,15:44,7.48,18.7,15:49,7.12,18.7,15:54,6.77,18.6,15:58,6.51,18.6,16:02,6.29,18.6,G,F,N,0.7362,2.0541,0.8389,5.4161,0.7496,4.9575,83,0
195,NORTH,PA,5A,5,SF,PA_SF2,37.8684,5.948,24,46,,,,,,,,,,,,,,,,,,,,,,,,,,,,,,,,,,,,,,,,55,1
196,NORTH,PA,5A,5,SF,PA_SF3,30.9087,5.3866,22,43,,,,,,,,,,,,,,,,,,,,,,,,,,,,,,,,,,,,,,,,42,1
197,NORTH,PA,5B,5,SF,PA_SF4,35.8274,6.2786,23,46,,,,,,,,,,,,,,,,,,,,,,,,,,,,,,,,,,,,,,,,48,1
198,NORTH,PA,5B,5,SF,PA_SF5,20.7987,3.19,20,40,19.8809,2.9044,22,38,N,0.306,L,24,S,15:36,9.13,18.5,15:42,9.05,18.6,15:46,9.02,18.7,15:52,9.03,18.7,15:56,8.84,18.6,16:01,8.73,18.6,16:04,8.25,18.6,M,F,Y,0.7186,1.9506,0.8638,7.1109,0.7378,6.5317,83,0
199,NORTH,PA,5B,5,SF,PA_SF6,22.3586,3.5301,22,40,,,,,,,,,,,,,,,,,,,,,,,,,,,,,,,,,,,,,,,,42,1
200,NORTH,PA,7A,7,SF,PA_SF7,22.5119,3.4018,24,41,,,,,,,,,,,,,,,,,,,,,,,,,,,,,,,,,,,,,,,,39,1
201,NORTH,PA,7A,7,SF,PA_SF8,28.2267,74.4151,22,40,,,,,,,,,,,,,,,,,,,,,,,,,,,,,,,,,,,,,,,,47,1
202,NORTH,PA,7A,7,SF,PA_SF9,11.595,1.7991,17,30,11.8534,1.8096,20,32,N,0.408,S,24,S,15:33,8.83,18.3,15:40,8.13,18.6,15:44,7.69,18.7,15:50,7.31,18.7,15:55,7.03,18.6,15:59,6.74,18.6,16:03,6.5,18.6,G,F,N,0.7966,1.6586,0.845,5.1701,0.6021,4.7164,83,0
203,NORTH,PA,7B,7,SF,PA_SF10,16.427,2.6274,20,35,,,,,,,,,,,,,,,,,,,,,,,,,,,,,,,,,,,,,,,,48,1
204,NORTH,PA,7B,7,SF,PA_SF11,13.5976,2.2209,16,33,13.3453,2.1236,19,35,N,0.115,S,24,S,15:33,8.71,18.3,15:40,7.97,18.6,15:45,7.54,18.7,15:50,6.95,18.7,15:55,6.58,18.6,15:59,6.18,18.6,16:03,5.88,18.6,G,F,N,0.8389,1.8441,0.8766,5.6419,0.8072,5.2114,83,0
205,NORTH,PA,7B,7,SF,PA_SF12,3.5113,0.6029,12,21,4.3426,0.7325,15,22,N,0.693,S,24,S,15:34,9,18.3,15:40,8.48,18.6,15:45,8.27,18.7,15:51,8.03,18.7,15:55,7.87,18.6,15:59,7.69,18.6,16:03,7.52,18.6,G,F,N,0.5842,1.8365,0.6254,3.0604,0.8569,2.8492,83,0
206,NORTH,PA,9A,9,SF,PA_SF13,9.8798,1.5982,15,31,,,,,,,,,,,,,,,,,,,,,,,,,,,,,,,,,,,,,,,,67,1
207,NORTH,PA,9A,9,SF,PA_SF14,20.4461,3.3968,20,39,22.1454,3.3703,25,39,N,0.246,L,24,S,15:36,8.77,18.5,15:42,8.46,18.6,15:47,8.22,18.7,15:53,8,18.6,15:57,7.83,18.6,16:01,7.63,18.6,16:05,7.48,18.6,G,F,N,0.5886,1.6892,0.6512,7.706,0.5937,7.0057,83,0
208,NORTH,PA,9A,9,SF,PA_SF15,34.4299,5.9816,23,44,,,,,,,,,,,,,,,,,,,,,,,,,,,,,,,,,,,,,,,,16,1
209,NORTH,PA,9B,9,SF,PA_SF16,19.8754,3.0107,21,37,19.51,2.8735,20,39,N,0.18,L,24,S,15:37,9.16,18.5,15:43,8.89,18.6,15:48,8.7,18.7,15:53,8.42,18.6,15:57,8.28,18.6,16:01,8.08,18.6,16:05,7.88,18.6,M,F,N,0.6141,1.7876,0.6828,6.8717,0.6264,6.2919,83,0
210,NORTH,PA,9B,9,SF,PA_SF17,7.4346,1.2154,15,27,8.0173,1.2867,15,30,N,0.93,S,24,S,15:35,9.03,18.4,15:41,8.63,18.6,15:46,8.4,18.7,15:52,8.16,18.7,15:56,7.96,18.6,16:00,7.71,18.6,16:04,7.58,18.6,G,F,N,0.6975,1.7539,0.7151,4.1232,0.70429,3.7932,83,0
211,NORTH,PA,9B,9,SF,PA_SF18,24.5764,4.0784,20,39,,,,,,,,,,,,,,,,,,,,,,,,,,,,,,,,,,,,,,,,80,1
212,NORTH,VD,6A,6,NC,VD_NC1,15.7432,2.8364,17,35,17.6817,3.0308,20,35,N,0.759,L,13,S,10:49,7.21,10.7,10:56,7.02,10.7,11:04,6.81,10.7,11:10,6.63,10.7,11:16,6.5,10.7,11:21,6.38,10.7,11:26,6.22,10.7,G,C,N,0.8499,1.7985,0.9045,7.3489,0.859,6.555,83,0
213,NORTH,VD,6A,6,NC,VD_NC2,40.3844,6.6207,23,48,40.1359,6.2628,27,46,N,-0.077,,,,,,,,,,,,,,,,,,,,,,,,,,C,N,0.7611,0.7925,1.0964,13.0873,0.80114,11.5403,83,0
214,NORTH,VD,6A,6,NC,VD_NC3,11.1512,1.8331,18,32,13.9532,2.1544,19,32,N,0.8,L,13,S,10:49,7.49,10.7,10:56,7.29,10.7,11:04,7.11,10.7,11:11,6.93,10.7,11:16,6.85,10.6,11:21,6.74,10.7,11:26,6.64,10.6,G,C,N,0.7474,1.8791,0.7812,8.0271,0.758,5.2782,83,0
215,NORTH,VD,6B,6,NC,VD_NC4,10.8714,1.913,15,31,12.5564,2.0971,16,31,N,0.498,S,13,S,10:45,7.09,10.7,10:52,6.6,10.7,10:59,6.12,10.7,11:07,5.72,10.6,11:13,5.37,10.6,11:17,5.11,10.7,11:23,4.83,10.6,G,C,N,0.743,1.8852,0.7744,5.9292,0.7521,5.4132,83,0
216,NORTH,VD,6B,6,NC,VD_NC5,10.7152,1.8893,17,31,14.0714,2.2695,20,34,N,0.576,S,13,S,10:46,7.16,10.7,10:52,6.87,10.7,10:59,6.42,10.7,11:07,6.06,10.6,11:13,5.83,10.7,11:18,5.7,10.7,11:23,5.57,10.7,G,C,N,0.7104,1.8163,0.7668,5.6368,0.7214,5.0369,83,0
217,NORTH,VD,6B,6,NC,VD_NC6,19.5399,3.1138,20,36,22.2768,3.3449,22,35,N,0.361,L,13,S,10:49,7.15,10.7,10:57,6.78,10.7,11:05,6.48,10.7,11:11,6.23,10.7,11:16,6.07,10.7,11:21,5.88,10.7,11:26,5.73,10.7,G,C,N,0.6819,1.8272,0.8005,8.0269,0.6975,7.0632,83,0
218,NORTH,VD,10A,10,NC,VD_NC7,22.8505,4.0106,17,38,24.8308,4.1014,21,40,N,0.434,L,13,S,10:50,7.24,10.7,10:57,6.94,10.7,11:05,6.66,10.6,11:11,6.43,10.7,11:16,6.26,10.7,11:22,6.07,10.7,11:27,5.92,10.7,G,C,N,0.6907,1.7932,0.8847,9.1031,0.7106,8.0735,83,0
219,NORTH,VD,10A,10,NC,VD_NC8,35.0699,5.6345,21,46,35.8025,5.3904,22,48,N,0.099,,,,,,,,,,,,,,,,,,,,,,,,,,C,N,0.8204,1.7665,1.0162,11.5507,0.8403,10.2079,83,0
220,NORTH,VD,10A,10,NC,VD_NC9,17.0262,3.0008,18,34,18.4167,3.0973,18,36,N,0.737,L,13,S,10:50,7.18,10.7,10:58,6.96,10.7,11:05,6.75,10.7,11:12,6.61,10.7,11:16,6.49,10.7,11:22,6.38,10.7,11:27,6.29,10.7,G,C,N,0.8292,1.7977,0.8993,7.5146,0.8422,6.7057,83,0
221,NORTH,VD,10B,10,NC,VD_NC10,3.1871,0.5772,10,21,5.0347,0.8875,14,23,N,0.349,S,13,S,10:47,7.83,10.7,10:53,7.59,10.7,11:01,7.32,10.7,11:08,7.13,10.7,11:14,6.96,10.7,11:19,6.86,10.7,11:24,6.72,10.7,G,C,N,0.7468,1.7164,0.7639,3.45,0.7509,3.1766,83,0
222,NORTH,VD,10B,10,NC,VD_NC11,4.5626,0.8372,11,24,6.6009,1.1216,14,27,N,0.331,S,13,S,10:47,7.85,10.7,10:54,7.61,10.7,11:01,7.32,10.7,11:08,7.08,10.7,11:14,6.89,10.7,11:19,6.76,10.7,11:24,6.58,10.7,G,C,N,0.7116,1.82,0.7784,3.9692,0.7212,3.621,83,0
223,NORTH,VD,10B,10,NC,VD_NC12,37.3861,6.5339,22,45,37.9534,6.0969,26,47,N,-0.166,,,,,,,,,,,,,,,,,,,,,,,,,,C,N,0.6789,1.7339,0.9648,12.457,0.709,11.2207,83,0
224,NORTH,VD,12A,12,NC,VD_NC13,14.1943,2.4146,17,33,15.4598,2.5459,18,33,N,0.493,L,13,S,10:51,7.62,10.7,10:58,7.36,10.7,11:06,7.18,10.6,11:12,7.03,10.7,11:17,6.89,10.7,11:22,6.77,10.7,11:27,6.66,10.7,G,C,N,0.7097,1.7653,0.7761,6.4632,0.7163,5.7977,83,0
225,NORTH,VD,12A,12,NC,VD_NC14,6.6287,1.1389,13,24,8.4551,1.3652,17,28,N,0.214,S,13,S,10:47,8.04,10.7,10:54,7.7,10.7,11:02,7.33,10.7,11:09,7.22,10.7,11:14,7.03,10.7,11:19,6.79,10.7,11:25,6.63,10.7,G,C,N,0.9134,1.7988,0.9537,4.3877,0.9209,3.9713,83,0
226,NORTH,VD,12A,12,NC,VD_NC15,9.6543,1.8734,14,28,11.0875,2.0747,17,30,N,0.306,S,13,S,10:48,7.94,10.7,10:54,7.34,10.7,11:02,6.87,10.7,11:09,6.59,10.7,11:15,6.28,10.7,11:19,6.05,10.7,11:25,5.81,10.7,G,C,N,0.639,1.6953,0.7168,9.2835,0.6493,8.3061,83,0
227,NORTH,VD,12B,12,NC,VD_NC16,27.4725,4.3264,19,44,26.9616,4.1552,23,42,N,0.293,L,13,S,10:51,7.35,10.7,10:58,6.96,10.7,11:06,6.68,10.6,11:12,6.46,10.7,11:17,6.28,10.7,11:23,6.13,10.7,11:27,5.98,10.6,G,C,N,0.737,1.8003,0.82,5.6003,0.75,5.0541,83,0
228,NORTH,VD,12B,12,NC,VD_NC17,11.3194,1.9222,16,31,12.3119,2.0615,17,33,N,0.774,S,13,S,10:48,8.16,10.7,10:55,7.72,10.7,11:03,7,10.7,11:10,6.65,10.7,11:15,6.37,10.7,11:20,6.15,10.7,11:25,5.91,10.7,G,C,N,0.8549,1.7177,1.0294,5.4824,0.8747,4.8644,83,0
229,NORTH,VD,12B,12,NC,VD_NC18,47.4119,8.3796,24,48,45.7086,7.1257,26,49,N,-0.08,,,,,,,,,,,,,,,,,,,,,,,,,,C,N,0.8617,1.9999,1.4982,14.6382,0.9176,13.0588,83,0
230,NORTH,VD,2A,2,NF,VD_NF1,6.3329,1.0885,14,26,7.6972,1.2511,16,28,N,0.504,S,14,S,12:02,6.87,13.1,12:08,6.69,13,12:14,6.44,13,12:21,6.29,13,12:28,6.01,13,12:34,5.79,13,12:40,5.59,13,G,F,N,0.8982,2.014,0.926,4.3971,0.9052,4.0173,83,0
231,NORTH,VD,2A,2,NF,VD_NF2,31.8357,4.8745,23,45,31.4683,4.2472,25,43,N,0.215,L,14,S,12:07,6.34,13,12:13,6.11,13,12:19,5.84,13,12:26,5.58,13,12:33,5.35,13,12:38,5.14,13,12:45,4.92,13,G,F,N,0.6828,2.151,0.8198,9.8792,0.6962,8.7521,83,0
232,NORTH,VD,2A,2,NF,VD_NF3,6.9176,1.1704,13,23,8.0137,1.3089,16,28,N,0.277,S,14,S,12:03,6.91,13.1,12:09,6.8,13,12:16,6.54,13,12:21,6.3,13,12:29,6.08,13,12:34,5.91,13,12:40,5.71,13,G,F,N,0.8796,1.724,0.9118,4.163,0.8861,3.8003,83,0
233,NORTH,VD,2B,2,NF,VD_NF4,6.0494,0.9713,13,26,6.9813,1.0761,14,28,N,0.503,S,14,S,12:03,7.27,13.1,12:09,7.03,13,12:16,6.79,13,12:22,6.54,13,12:29,6.28,13,12:34,6.09,13,12:41,5.91,13,G,F,N,0.8531,1.99,0.887,3.9853,0.8596,3.675,83,0
234,NORTH,VD,2B,2,NF,VD_NF5,4.405,0.8856,13,23,5.3832,1.0216,14,25,N,0.597,S,14,S,12:04,7.1,13.1,12:10,6.93,13,12:16,6.72,13,12:22,6.55,13,12:30,6.36,13,12:35,6.22,13,12:41,6.06,13,G,F,N,0.84,2.176,0.862,4.0932,0.8458,3.8124,83,0
235,NORTH,VD,2B,2,NF,VD_NF6,8.3861,1.3734,15,28,9.3158,1.5188,16,29,N,0.763,S,14,S,12:04,7.09,13.1,12:10,6.81,13,12:16,6.51,13,12:22,6.28,13,12:30,5.99,13,12:35,5.83,13,12:41,5.57,13,G,F,N,1.0028,2.0285,1.0282,4.8491,1.0092,4.3982,83,0
236,NORTH,VD,4A,4,NF,VD_NF7,41.3113,6.8529,23,45,,,,,,,,,,,,,,,,,,,,,,,,,,,,,,,,,,,,,,,,16,1
237,NORTH,VD,4A,4,NF,VD_NF8,28.1603,5.2892,23,45,26.3548,4.5464,21,43,Y,-0.056,L,14,S,12:07,7.03,13,12:13,6.78,13,12:20,6.55,13,12:27,6.36,13,12:33,6.1,13,12:38,5.94,13,12:45,5.75,13,G,F,N,0.8762,2.1769,0.937,10.2238,0.8899,9.3633,83,0
238,NORTH,VD,4A,4,NF,VD_NF9,3.9567,0.7318,12,21,5.3296,0.9473,15,22,N,0.229,S,14,S,12:05,7.47,13.1,12:10,7.37,13,12:17,7.15,13,12:23,6.87,13,12:31,6.65,13,12:36,6.55,13,12:42,6.36,13,G,F,N,0.8797,2.0279,0.9117,3.8427,0.8855,3.5649,83,0
239,NORTH,VD,4B,4,NF,VD_NF10,9.3744,1.6593,12,28,10.6812,1.7761,17,31,N,0.619,S,14,S,12:05,7.45,13.1,12:11,7.15,13,12:17,6.8,13,12:24,6.47,13,12:31,6.13,13,12:36,5.92,13,12:42,5.62,13,G,F,N,1.0512,1.8761,1.0817,5.0751,1.0589,4.6323,83,0
240,NORTH,VD,4B,4,NF,VD_NF11,17.0834,3.0842,21,35,17.1029,2.9231,23,36,N,0.189,L,14,S,12:07,7.41,13,12:13,7.2,13,12:20,7.01,13,12:27,6.83,13,12:33,6.69,13,12:39,6.58,13,12:45,6.43,13,G,F,N,0.8686,2.0351,1.0087,7.34,0.8828,6.6028,83,0
241,NORTH,VD,4B,4,NF,VD_NF12,2.0223,0.4177,9,17,3.4248,0.603,11,21,N,0.262,S,14,S,12:05,7.65,13.1,12:11,7.47,13,12:18,7.29,13,12:24,7.09,13,12:31,6.87,13,12:37,6.73,13,12:43,6.59,13,G,F,N,0.8801,1.9848,0.9105,3.1596,0.8874,2.9756,83,0
242,NORTH,VD,8A,8,NF,VD_NF13,26.0763,4.7383,20,39,24.9846,4.3664,21,42,N,0.111,L,14,S,12:08,7.45,13,12:14,7.14,13,12:20,6.92,13,12:28,6.67,13,12:33,6.48,13,12:39,6.31,13,12:46,6.12,13,G,F,N,0.9402,2.051,0.987,9.8306,0.9499,8.9173,83,0
243,NORTH,VD,8A,8,NF,VD_NF14,13.5104,2.1332,17,33,13.7836,2.0815,19,36,N,0.41,,,,,,,,,,,,,,,,,,,,,,,,,,F,N,0.744,2.0575,0.7649,6.0002,0.749,5.4054,83,0
244,NORTH,VD,8A,8,NF,VD_NF15,10.1986,1.8667,17,30,11.7903,1.9484,19,33,N,0.344,S,14,S,12:06,7.65,13,12:12,7.19,13,12:18,6.7,13,12:24,6.27,13,12:32,5.85,13,12:37,5.53,13,12:44,5.22,13,G,F,N,0.7683,1.9505,0.8073,5.5304,0.7788,5.0336,83,0
245,NORTH,VD,8B,8,NF,VD_NF16,12.1009,2.0955,16,30,12.8731,3.1325,20,34,N,0.196,,,,,,,,,,,,,,,,,,,,,,,,,,F,N,0.6613,2.0523,0.6834,6.0048,0.6671,5.4541,83,0
246,NORTH,VD,8B,8,NF,VD_NF17,8.7903,1.5565,16,28,10.0048,1.7037,18,32,N,0.333,S,14,S,12:06,7.81,13,12:12,7.42,13,12:19,6.73,13,12:25,6.56,13,12:32,6.25,13,12:38,6.02,13,12:44,5.72,13,G,F,N,0.7109,2.0534,0.7597,5.1863,0.7212,4.7489,83,0
247,NORTH,VD,8B,8,NF,VD_NF18,39.0611,6.9508,23,46,37.7722,6.4564,23,44,N,0.053,,,,,,,,,,,,,,,,,,,,,,,,,,F,N,0.74,2.0201,0.9531,13.4472,0.7639,12.1317,83,0
248,NORTH,VD,1A,1,SC,VD_SC1,18.5431,3.1091,17,37,18.9676,2.9951,19,37,N,0.328,L,15,S,14:04,8.23,16.1,14:11,8,16.1,14:18,7.82,16.1,14:25,7.62,16.1,14:31,7.4,16.1,14:38,7.21,16.1,14:45,7.03,16.1,G,C,N,0.8165,2.0291,0.9376,7.4807,0.8323,6.7468,83,0
249,NORTH,VD,1A,1,SC,VD_SC2,35.1433,6.0525,24,46,,,,,,,,,,,,,,,,,,,,,,,,,,,,,,,,,,,,,,,,70,1
250,NORTH,VD,1A,1,SC,VD_SC3,4.9029,0.8762,12,25,6.2186,1.0533,17,26,N,0.452,S,15,S,14:00,8.6,16.1,14:06,8.3,16.1,14:13,8.2,16.1,14:20,7.93,16.1,14:27,7.75,16.1,14:34,7.52,16.1,14:40,7.16,16.1,G,C,N,0.8303,1.9827,0.8504,3.9948,0.8378,3.6877,83,0
251,NORTH,VD,1B,1,SC,VD_SC4,9.8184,1.7053,12,27,10.2146,1.818,17,30,N,0.356,S,15,S,14:01,8.2,16.1,14:07,7.86,16.1,14:13,7.53,16.1,14:21,7.28,16.1,14:27,6.84,16.1,14:34,6.47,16.1,14:41,6.15,16.1,G,C,N,0.6925,1.9528,0.7257,5.2926,0.7005,4.8404,83,0
252,NORTH,VD,1B,1,SC,VD_SC5,11.6264,1.9488,16,32,11.8236,2.0647,16,33,N,0.61,L,15,S,14:05,8.64,16.1,14:11,8.48,16.1,14:18,8.23,16.1,14:25,8.12,16.1,14:32,7.95,16.1,14:39,7.77,16.1,14:46,7.62,16.1,G,C,N,0.8307,1.9766,0.8734,5.7568,0.8403,5.254,83,0
253,NORTH,VD,1B,1,SC,VD_SC6,22.0427,3.6588,21,38,22.4968,3.6618,20,36,N,0.315,L,15,S,14:05,8.38,16.1,14:12,8.1,16.1,14:18,7.78,16.1,14:26,7.52,16.1,14:32,7.31,16.1,14:39,7.07,16.1,14:46,6.77,16.1,G,C,N,0.6823,1.9501,0.7475,8.5088,0.6948,7.6889,83,0
254,NORTH,VD,3A,3,SC,VD_SC7,12.7506,2.318,15,33,12.5062,2.0615,17,34,N,0.122,S,15,S,14:01,8.12,16.1,14:08,7.77,16.1,14:14,7.24,16.1,14:21,6.82,16.1,14:28,6.3,16.1,14:34,5.93,16.1,14:41,5.55,16.1,G,C,N,0.5507,2.1054,0.572,5.829,0.5569,5.3562,83,0
255,NORTH,VD,3A,3,SC,VD_SC8,12.3188,2.0106,16,31,12.6781,2.0868,16,33,N,0.605,S,15,S,14:01,8.31,16.1,14:08,7.98,16.1,14:14,7.74,16.1,14:22,7.3,16.1,14:29,6.92,16.1,14:35,6.58,16.1,14:42,6.24,16.1,G,C,N,0.8108,1.7565,0.8241,5.537,0.816,5.0752,83,0
256,NORTH,VD,3A,3,SC,VD_SC9,4.5626,0.8372,11,24,,,,,,,,,,,,,,,,,,,,,,,,,,,,,,,,,,,,,,,,63,1
257,NORTH,VD,3B,3,SC,VD_SC10,5.9108,1.0457,13,26,6.5014,1.1096,16,26,N,0.356,S,15,S,14:02,8.61,16.1,14:08,8.26,16.1,14:15,7.96,16.1,14:22,7.68,16.1,14:29,7.42,16.1,14:35,7.18,16.1,14:42,6.89,16.1,G,C,N,0.8856,1.9735,0.952,4.0357,0.8977,3.73,83,0
258,NORTH,VD,3B,3,SC,VD_SC11,3.8451,0.6689,12,23,5.2596,0.8767,14,25,N,0.327,S,15,S,14:02,8.97,16.1,14:09,8.68,16.1,14:15,8.44,16.1,14:22,8.24,16.1,14:29,8,16.1,14:36,7.64,16.1,14:42,7.39,16.1,G,C,N,0.7713,1.9509,0.8012,3.66,0.7762,3.3809,83,0
259,NORTH,VD,3B,3,SC,VD_SC12,8.0642,1.5317,12,27,8.7824,1.6429,16,30,N,0.456,S,15,S,14:02,8.71,16.1,14:09,8.3,16.1,14:15,7.89,16.1,14:23,7.54,16.1,14:29,7.21,16.1,14:36,6.91,16.1,14:43,6.62,16.1,M,C,N,0.882,2.0062,0.9373,4.997,0.8972,4.5831,83,0
260,NORTH,VD,11A,11,SC,VD_SC13,13.2253,2.2981,17,33,14.429,2.5171,17,35,N,0.428,L,15,S,14:06,8.7,16.1,14:12,8.42,16.1,14:19,8.16,16.1,14:26,7.92,16.1,14:33,7.74,16.1,14:40,7.52,16.1,14:46,7.31,16.1,M,C,N,0.8336,2.1242,0.9487,6.6842,0.84978,6.1003,83,0
261,NORTH,VD,11A,11,SC,VD_SC14,30.2275,4.8867,22,42,26.1416,3.6179,20,41,Y,,,,,,,,,,,,,,,,,,,,,,,,,,,C,N,,,,,,,83,0
262,NORTH,VD,11A,11,SC,VD_SC15,7.9668,1.3921,15,25,9.0261,1.5425,19,29,N,0.648,S,15,S,14:03,8.86,16.1,14:10,8.33,16.1,14:16,8,16.1,14:23,7.62,16.1,14:30,7.31,16.1,14:27,7,16.1,14:43,6.67,16.1,G,C,N,0.7693,1.9877,0.8138,4.7736,0.7795,4.4014,83,0
263,NORTH,VD,11B,11,SC,VD_SC16,9.2502,1.6102,15,28,10.1841,1.7596,14,30,N,0.674,S,15,S,14:03,8.97,16.1,14:10,8.54,16.1,14:17,7.88,16.1,14:24,7.49,16.1,14:30,7,16.1,14:37,6.66,16.1,14:44,6.26,16.1,G,C,N,0.8827,1.8914,0.9018,5.1807,0.8883,4.6756,83,0
264,NORTH,VD,11B,11,SC,VD_SC17,24.4448,4.1533,21,38,24.3463,4.1435,24,41,N,0.425,L,15,S,14:06,8.48,16.1,14:12,8.26,16.1,14:19,8.01,16.1,14:26,7.38,16.1,14:33,7.39,16.1,14:40,7.11,16.1,14:46,6.88,16.1,M,C,N,0.8008,1.9468,0.9433,9.4134,0.8195,8.4893,83,0
265,NORTH,VD,11B,11,SC,VD_SC18,6.1523,1.1471,15,25,6.9494,1.3117,17,25,N,0.656,S,15,S,14:03,8.91,16.1,14:11,8.55,16.1,14:17,8.2,16.1,14:24,7.95,16.1,14:31,7.71,16.1,14:38,7.45,16.1,14:45,7.2,16.1,G,C,N,0.7894,1.9006,0.8518,4.3082,0.7995,3.9719,83,0
266,NORTH,VD,5A,5,SF,VD_SF1,15.0693,2.6576,17,33,15.0404,2.697,20,35,N,0.432,L,16,S,15:22,6.88,18.4,15:27,6.75,18.4,15:32,6.62,18.5,15:38,6.47,18.5,15:43,6.35,18.5,15:49,6.21,18.5,15:54,6.08,18.5,G,F,N,0.8303,1.8672,0.927,6.6541,0.8457,6.1061,83,0
267,NORTH,VD,5A,5,SF,VD_SF2,12.3431,2.1044,17,32,12.6186,2.1407,15,32,N,1.217,S,16,S,15:19,6.95,18.4,15:24,6.55,18.4,15:29,6.19,18.5,15:35,5.73,18.5,15:40,5.45,18.5,15:45,5.23,18.5,15:51,4.9,18.5,G,F,N,0.8581,1.9599,0.8867,5.8855,0.8674,5.3714,83,0
268,NORTH,VD,5A,5,SF,VD_SF3,3.1259,0.531,11,19,4.4811,0.7715,11,22,N,0.257,S,16,S,15:19,7.15,18.4,15:24,7.01,18.4,15:29,6.82,18.5,15:35,6.64,18.5,15:40,6.47,18.5,15:45,6.35,18.5,15:51,6.14,18.5,G,F,N,0.8411,1.7524,0.8868,3.2086,0.849,2.9907,83,0
269,NORTH,VD,5B,5,SF,VD_SF4,5.1466,1.0206,12,23,5.6641,1.0941,15,25,N,0.709,S,16,S,15:20,7.2,18.4,15:24,6.99,18.4,15:29,6.83,18.5,15:35,6.68,18.5,15:40,6.43,18.5,15:46,6.26,18.5,15:52,6.06,18.5,G,F,N,0.86,1.851,0.908,3.8459,0.8704,3.5858,83,0
270,NORTH,VD,5B,5,SF,VD_SF5,10.4892,1.8069,16,32,,,,,,,,,,,,,,,,,,,,,,,,,,,,,,,,,,,,,,,,69,1
271,NORTH,VD,5B,5,SF,VD_SF6,35.5247,5.8773,22,44,28.891,4.8163,21,44,Y,0.006,L,16,S,15:22,7.55,18.4,15:27,7.54,18.5,15:32,7.55,18.5,15:38,7.21,18.5,15:43,7.1,18.5,15:49,6.82,18.5,15:54,6.34,18.5,M,F,N,,,,,,,83,0
272,NORTH,VD,7A,7,SF,VD_SF7,5.0839,0.9516,13,24,6.1846,1.1443,16,25,N,-0.111,S,16,S,15:20,7.29,18.4,15:25,7.17,18.4,15:30,7.03,18.5,15:35,6.96,18.5,15:41,6.8,18.5,15:46,6.66,18.5,15:52,6.49,18.5,G,F,N,0.707,1.8581,0.7196,3.9137,0.7136,3.6575,83,0
273,NORTH,VD,7A,7,SF,VD_SF8,5.4887,1.0475,13,26,6.2887,1.1586,13,25,N,0.232,S,16,S,15:21,7.42,18.4,15:25,7.25,18.4,15:30,7.02,18.5,15:36,6.82,18.5,15:41,6.66,18.5,15:47,6.44,18.5,15:53,6.24,18.5,G,F,N,0.8696,1.8538,0.8843,3.9392,0.8752,3.6744,83,0
274,NORTH,VD,7A,7,SF,VD_SF9,38.7951,6.9031,26,47,,,,,,,,,,,,,,,,,,,,,,,,,,,,,,,,,,,,,,,,15,1
275,NORTH,VD,7B,7,SF,VD_SF10,8.611,1.3683,17,29,8.9933,1.9203,20,30,N,0.312,S,16,S,15:21,7.31,18.4,15:25,7.16,18.4,15:31,7.01,18.5,15:36,6.86,18.5,15:42,6.6,18.5,15:47,6.4,18.5,15:53,6.23,18.5,G,F,N,0.7964,1.8405,0.7996,4.444,0.7985,4.1076,83,0
276,NORTH,VD,7B,7,SF,VD_SF11,25.8219,5.0871,19,38,,,,,,,,,,,,,,,,,,,,,,,,,,,,,,,,,,,,,,,,49,1
277,NORTH,VD,7B,7,SF,VD_SF12,21.2959,3.6591,17,38,,,,,N,,,,,,,,,,,,,,,,,,,,,,,,,,,F,N,,,,,,,83,0
278,NORTH,VD,9A,9,SF,VD_SF13,36.8899,6.5232,24,46,,,,,,,,,,,,,,,,,,,,,,,,,,,,,,,,,,,,,,,,65,1
279,NORTH,VD,9A,9,SF,VD_SF14,7.3157,1.3378,15,27,7.8327,1.454,18,28,N,0.399,S,16,S,15:21,7.3,18.4,15:26,7.08,18.4,15:31,6.88,18.5,15:36,6.65,18.5,15:42,6.44,18.5,15:47,6.24,18.5,15:53,6.04,18.5,G,F,N,0.805,1.9743,0.854,4.6236,0.8154,4.2785,83,0
280,NORTH,VD,9A,9,SF,VD_SF15,8.6145,1.6769,15,27,9.3858,1.8404,15,29,N,0.415,S,16,S,15:21,7.41,18.4,15:26,7.12,18.4,15:31,6.87,18.5,15:37,6.76,18.5,15:42,6.61,18.5,15:47,6.03,18.5,15:53,5.87,18.5,G,F,N,0.9997,1.9904,1.0929,5.2731,1.014,4.8001,83,0
281,NORTH,VD,9B,9,SF,VD_SF16,11.6822,2.0147,17,32,11.6164,2.0091,16,31,N,0.01,L,16,S,15:22,7.4,18.4,15:27,7.32,18.5,15:32,7.22,18.5,15:38,7.07,18.5,15:44,6.95,18.5,15:49,6.81,18.5,15:55,6.7,18.5,G,F,N,0.9605,1.7376,0.9675,5.329,0.9637,4.9346,83,0
282,NORTH,VD,9B,9,SF,VD_SF17,27.4868,4.537,23,42,26.498,3.9998,22,42,Y,-0.098,L,16,S,15:22,7.51,18.4,15:28,7.47,18.5,15:34,7.36,18.5,15:39,6.69,18.5,15:44,6.51,18.5,15:50,6.06,18.5,15:56,5.69,18.5,M,F,N,0.9266,1.8536,1.0414,8.805,0.942,7.9829,83,0
283,NORTH,VD,9B,9,SF,VD_SF18,22.2318,3.9275,21,38,22.1282,3.7972,19,40,N,-0.301,L,16,S,15:23,7.19,18.4,15:28,7.05,18.5,15:34,6.87,18.5,15:39,6.68,18.5,15:44,6.5,18.5,15:50,6.3,18.5,15:56,6.08,18.5,G,F,N,0.7409,1.8435,0.7609,8.3261,0.748,7.4137,83,0
284,NORTH,NO,6A,6,NC,NO_NC1,6.9148,1.2531,14,25,9.0331,1.5132,16,29,N,0.507,S,17,S,10:27,6.77,10.6,10:31,6.58,10.6,10:34,6.39,10.6,10:39,6.15,10.6,10:42,6.01,10.6,10:45,5.83,10.6,10:50,5.6,10.6,G,C,N,0.8069,2.0122,0.8268,4.8642,0.8116,4.417,83,0
285,NORTH,NO,6A,6,NC,NO_NC2,35.9924,6.3626,23,46,35.2799,5.7458,23,45,N,1.27,L,17,S,10:29,7.07,10.6,10:32,6.94,10.6,10:36,6.84,10.6,10:40,6.73,10.6,10:43,6.66,10.6,10:47,6.56,10.6,10:53,6.41,10.6,G,C,N,0.8737,1.9838,0.9365,6.5131,0.881,5.741,83,0
286,NORTH,NO,6A,6,NC,NO_NC3,13.1691,2.1702,19,33,14.7213,2.4126,16,31,N,0.141,,,,,,,,,,,,,,,,,,,,,,,,,,C,N,0.6772,2.0006,0.7233,12.4026,0.6896,11.1777,83,0
287,NORTH,NO,6B,6,NC,NO_NC4,41.0821,6.8265,26,49,40.2575,6.0736,28,46,N,0.972,,,,,,,,,,,,,,,,,,,,,,,,,,C,N,0.7948,1.6483,0.9797,12.8413,0.8193,11.212,83,0
288,NORTH,NO,6B,6,NC,NO_NC5,22.1167,3.7069,20,37,24.0836,3.7121,19,38,N,1.104,L,17,S,10:29,7.02,10.6,10:33,6.85,10.6,10:36,6.71,10.6,10:40,6.58,10.6,10:43,6.48,10.6,10:47,6.33,10.6,10:53,6.16,10.6,P,C,N,0.7963,0.8442,0.8659,8.6271,0.8081,7.6561,83,0
289,NORTH,NO,6B,6,NC,NO_NC6,36.7678,6.1709,24,41,37.7977,5.8851,25,46,N,-0.009,,,,,,,,,,,,,,,,,,,,,,,,,,C,N,0.7865,1.7985,1.0835,12.4934,0.8284,10.97,83,0
290,NORTH,NO,10A,10,NC,NO_NC7,48.7255,8.593,27,52,49.038,7.6446,30,51,N,0.196,,,,,,,,,,,,,,,,,,,,,,,,,,C,N,0.7847,1.8871,2.0404,15.5003,0.8913,13.6529,83,0
291,NORTH,NO,10A,10,NC,NO_NC8,41.4463,7.2673,26,50,40.5355,6.8145,25,47,N,0.557,,,,,,,,,,,,,,,,,,,,,,,,,,C,N,0.8048,1.9547,1.0894,14.2519,0.8348,12.6822,83,0
292,NORTH,NO,10A,10,NC,NO_NC9,27.2941,4.4516,22,43,28.5137,4.3275,21,41,N,0.7,L,17,S,10:29,6.96,10.6,10:33,6.76,10.6,10:37,6.58,10.6,10:40,6.43,10.6,10:43,6.33,10.6,10:48,6.17,10.6,10:53,5.98,10.6,G,C,N,0.614,2.0354,0.7341,10.0239,0.6323,8.7988,83,0
293,NORTH,NO,10B,10,NC,NO_NC10,10.7654,2.0251,16,29,12.197,2.1695,16,30,N,0.464,L,17,S,10:30,7.52,10.6,10:33,7.4,10.6,10:37,7.26,10.6,10:41,7.18,10.6,10:44,7.11,10.6,10:48,7,10.6,10:54,6.9,10.6,G,C,N,0.572,2.1344,0.6742,6.1646,0.5852,5.5601,83,0
294,NORTH,NO,10B,10,NC,NO_NC11,7.7795,1.3458,15,26,9.626,1.5327,15,29,N,0.797,S,17,S,10:28,7.72,10.6,10:31,7.55,10.6,10:35,7.37,10.6,10:39,7.19,10.6,10:42,6.82,10.6,10:46,6.61,10.6,10:52,6.33,10.6,G,C,N,0.5507,1.9526,0.6409,4.8314,0.5606,4.376,83,0
295,NORTH,NO,10B,10,NC,NO_NC12,28.7886,5.1818,24,41,28.7714,4.8157,21,42,N,1.473,,,,,,,,,,,,,,,,,,,,,,,,,,C,N,0.9661,1.9128,1.1109,10.9032,0.9903,9.6136,83,0
296,NORTH,NO,12A,12,NC,NO_NC13,49.8098,8.1347,24,50,47.2761,6.5925,26,49,N,0.266,,,,,,,,,,,,,,,,,,,,,,,,,,C,N,0.961,1.6618,1.2485,13.4985,1.0021,12.0062,83,0
297,NORTH,NO,12A,12,NC,NO_NC14,23.0907,4.2772,22,41,23.7166,4.1963,24,41,N,0.869,L,17,S,10:30,8.05,10.6,10:33,7.49,10.6,10:38,7.25,10.6,10:41,7.05,10.6,10:44,6.94,10.6,10:49,6.77,10.6,10:54,6.59,10.6,M,C,N,0.7665,1.6691,0.8383,9.1712,0.7827,8.1814,83,0
298,NORTH,NO,12B,12,NC,NO_NC15,39.0034,6.5007,27,49,38.0545,5.6386,26,44,N,-0.452,,,,,,,,,,,,,,,,,,,,,,,,,,C,N,0.761,1.6681,1.2535,11.7257,0.8299,10.3975,83,0
299,NORTH,NO,12B,12,NC,NO_NC16,45.3523,7.1791,23,49,44.338,6.2806,25,50,N,0.014,,,,,,,,,,,,,,,,,,,,,,,,,,C,N,0.6904,1.6684,0.7965,13.1454,0.7097,11.5201,83,0
300,NORTH,NO,2A,2,NF,NO_NF1,50.044,8.4152,27,51,52.2965,7.606,26,51,N,1.072,,,,,,,,,,,,,,,,,,,,,,,,,,F,N,0.6743,1.7733,0.9582,15.3054,0.7114,13.3944,83,0
301,NORTH,NO,2A,2,NF,NO_NF2,30.4363,8.1343,51,28,,,,,,,,,,,,,,,,,,,,,,,,,,,,,,,,,,,,,,,,10,1
302,NORTH,NO,2A,2,NF,NO_NF3,53.251,8.2682,26,53,46.797,7.6263,27,52,N,2.459,,,,,,,,,,,,,,,,,,,,,,,,,,F,N,0.6895,1.7449,1.0488,15.1766,0.7373,13.3618,83,0
303,NORTH,NO,2B,2,NF,NO_NF4,8.952,1.6099,15,27,10.313,1.6945,17,32,N,0.281,S,18,S,11:48,6.74,12.9,11:52,6.48,13,11:57,6.27,13,12:01,6.18,13,12:05,6.02,13,12:11,5.7,13.1,12:16,5.57,13.1,G,F,N,0.5612,1.8058,0.5928,4.9254,0.5698,4.4602,83,0
304,NORTH,NO,2B,2,NF,NO_NF5,29.7445,4.4561,21,42,27.6344,3.9616,23,40,N,0.125,L,18,S,11:50,6.93,12.9,11:54,6.78,13,11:58,6.64,13,12:03,6.51,13,12:08,6.4,13,12:13,6.25,13.1,12:18,6.11,13.1,M,F,N,0.8289,1.8055,0.8561,8.9695,0.8417,8.1046,83,0
305,NORTH,NO,2B,2,NF,NO_NF6,15.7215,2.9182,19,34,16.4882,2.9223,21,36,N,0.281,L,18,S,11:50,6.93,13,11:54,6.81,13,11:59,6.7,13,12:03,6.61,13,12:08,6.49,13,12:14,6.39,13.1,12:18,6.29,13.1,G,F,N,0.8249,1.7464,0.8634,7.0734,0.8343,6.3787,83,0
306,NORTH,NO,4A,4,NF,NO_NF7,16.49,2.9044,18,35,16.761,2.5617,18,37,N,0.198,L,18,S,11:50,7.23,13,11:54,7.08,13,11:59,6.99,13,12:03,6.92,13,12:09,6.84,13,12:14,6.7,13.1,12:19,6.6,13.1,G,F,N,0.8389,1.5829,0.8654,6.3075,0.8463,5.6723,83,0
307,NORTH,NO,4A,4,NF,NO_NF8,7.2297,1.3318,14,26,8.0716,1.3847,18,27,N,-0.018,S,18,S,11:48,7.18,12.9,11:53,6.95,13,11:57,6.87,13,12:01,6.64,13,12:06,6.42,13,12:12,6.18,13.1,12:17,5.96,13.1,G,F,N,0.6547,1.964,0.6786,4.5257,0.6632,4.1659,83,0
308,NORTH,NO,4A,4,NF,NO_NF9,25.1267,4.2718,22,40,24.1412,3.683,23,38,Y,-0.024,L,18,S,11:50,7.02,13,11:55,6.86,13,11:59,6.72,13,12:03,6.6,13,12:09,6.46,13,12:14,6.31,13.1,12:19,6.21,13.1,G,F,N,0.6413,1.914,0.672,8.6281,0.65,7.8014,83,0
309,NORTH,NO,4B,4,NF,NO_NF10,30.1457,5.2606,22,43,30.0639,5.0314,26,44,N,0.535,,,,,,,,,,,,,,,,,,,,,,,,,,F,N,0.6998,2.0367,0.7576,10.8845,0.7106,9.8441,83,0
310,NORTH,NO,4B,4,NF,NO_NF11,12.7444,2.3483,16,33,13.3764,2.3354,19,32,N,0.388,L,18,S,11:51,7.31,13,11:55,7.18,13,12:00,7.06,13,12:03,6.98,13,12:09,6.87,13,12:14,6.75,13.1,12:19,6.67,13.1,G,F,N,0.8084,2.0018,0.855,6.3304,0.8191,5.7506,83,0
311,NORTH,NO,4B,4,NF,NO_NF12,30.5886,5.1612,25,40,28.4885,4.5826,25,43,N,0.263,,,,,,,,,,,,,,,,,,,,,,,,,,F,N,0.7773,1.9102,0.8017,10.0491,0.7891,9.0582,83,0
312,NORTH,NO,8A,8,NF,NO_NF13,18.2512,2.9843,20,37,19.033,2.9557,22,39,N,1.17,L,18,S,11:51,7.37,13,11:56,7.12,13,12:00,6.96,13,12:04,6.81,13,12:10,6.64,13,12:15,6.47,13.1,12:19,6.36,13.1,M,F,N,0.7872,1.8107,0.8575,7.2607,0.8047,6.5001,83,0
313,NORTH,NO,8A,8,NF,NO_NF14,40.4298,6.4826,24,49,,,,,,,,,,,,,,,,,,,,,,,,,,,,,,,,,,,,,,,,34,1
314,NORTH,NO,8A,8,NF,NO_NF15,44.4281,6.3997,27,49,,,,,,,,,,,,,,,,,,,,,,,,,,,,,,,,,,,,,,,,20,1
315,NORTH,NO,8B,8,NF,NO_NF16,5.2124,0.9303,13,24,6.3689,1.0882,13,27,N,0.302,S,18,S,11:49,7.38,12.9,11:53,7.25,13,11:58,7.07,13,12:02,6.86,13,12:07,6.72,13,12:12,6.54,13.1,12:18,6.37,13.1,G,F,N,0.7391,2.039,0.7812,4.0818,0.7478,3.7793,83,0
316,NORTH,NO,1A,1,SC,NO_SC1,48.8361,8.137,23,48,48.1556,7.593,26,52,N,1.797,,,,,,,,,,,,,,,,,,,,,,,,,,C,N,0.7607,1.9173,1.1089,15.5354,0.8222,13.8494,83,0
317,NORTH,NO,1A,1,SC,NO_SC2,43.7812,7.412,25,50,,,,,,,,,,,,,,,,,,,,,,,,,,,,,,,,,,,,,,,,64,1
318,NORTH,NO,1A,1,SC,NO_SC3,10.3945,1.8478,16,30,11.2879,1.9418,17,32,N,0.54,L,19,S,13:25,8.97,16,13:29,8.85,16,13:33,8.74,16,13:39,8.62,16,13:43,8.54,16,13:47,8.41,16,13:50,8.35,16,G,C,N,0.7903,1.9109,0.8265,5.4186,0.8002,4.9551,83,0
319,NORTH,NO,1B,1,SC,NO_SC4,8.1931,1.4648,14,29,9.2558,1.6612,20,31,N,0.716,S,19,S,13:23,8.56,16,13:27,8.35,16,13:31,8.14,16,13:35,7.96,16,13:40,7.69,16,13:44,7.48,16,13:48,7.33,16,G,C,N,0.7787,1.9006,0.806,4.9964,0.7842,4.55,83,0
320,NORTH,NO,1B,1,SC,NO_SC5,50.2604,6.8504,25,52,24.6894,3.9229,23,40,Y,0.475,,,,,,,,,,,,,,,,,,,,,,,,,,C,N,0.8553,1.9258,0.983,10.816,0.8798,9.6507,83,0
321,NORTH,NO,1B,1,SC,NO_SC6,33.9322,5.7866,24,42,30.4077,4.3113,26,43,N,0.25,L,19,S,13:26,8.52,16,13:30,8.32,16,13:34,8.12,16,13:39,7.82,16,13:43,7.59,16,13:47,7.4,16,13:50,7.24,16,S,C,N,0.7873,1.9444,0.934,9.6939,0.8127,8.7314,83,0
322,NORTH,NO,3A,3,SC,NO_SC7,28.1406,4.9395,20,41,,,,,,,,,,,,,,,,,,,,,,,,,,,,,,,,,,,,,,,,52,1
323,NORTH,NO,3A,3,SC,NO_SC8,7.6284,1.6038,13,27,8.1239,1.6268,15,37,N,0.946,S,19,S,13:24,8.93,16,13:27,8.64,16,13:32,8.32,16,13:36,8.09,16,13:41,7.88,16,13:45,7.64,16,13:48,7.46,16,G,C,N,0.6915,1.8226,0.7231,4.7515,0.6965,4.2497,83,0
324,NORTH,NO,3A,3,SC,NO_SC9,40.2496,6.7921,23,43,,,,,,,,,,,,,,,,,,,,,,,,,,,,,,,,,,,,,,,,69,1
325,NORTH,NO,3B,3,SC,NO_SC10,11.22,1.5076,18,32,11.1307,1.5095,20,33,N,0.423,S,19,S,13:24,8.64,16,13:28,8.37,16,13:32,8.12,16,13:36,7.9,16,13:41,7.63,16,13:45,7.43,16,13:49,7.28,16,G,C,Y,0.8321,1.878,0.847,4.709,0.8385,4.3179,83,0
326,NORTH,NO,3B,3,SC,NO_SC11,34.1911,5.7336,22,45,31.5549,5.0251,21,45,N,0.392,,,,,,,,,,,,,,,,,,,,,,,,,,C,N,0.8473,1.8995,0.9293,10.9113,0.8736,9.6595,83,0
327,NORTH,NO,3B,3,SC,NO_SC12,65.8858,11.0131,33,55,63.6701,9.9035,32,53,N,1.485,,,,,,,,,,,,,,,,,,,,,,,,,,C,N,0.8466,1.9199,2.9073,19.1684,1.114,17.1064,83,0
328,NORTH,NO,11A,11,SC,NO_SC13,30.6779,5.4092,22,44,29.7703,5.0006,23,45,N,0.079,,,,,,,,,,,,,,,,,,,,,,,,,,C,N,0.654,1.8454,0.6768,10.6501,0.6634,9.7099,83,0
329,NORTH,NO,11A,11,SC,NO_SC14,26.0499,4.2493,21,39,25.8208,4.1218,23,40,N,0.26,,,,,,,,,,,,,,,,,,,,,,,,,,C,N,0.6928,1.7932,0.7684,9.2378,0.709,8.3169,83,0
330,NORTH,NO,11B,11,SC,NO_SC15,32.8108,5.3805,23,45,30.2454,4.665,25,46,N,0.237,,,,,,,,,,,,,,,,,,,,,,,,,,C,N,0.7916,1.8247,0.8394,10.1838,0.8002,9.228,83,0
331,NORTH,NO,11B,11,SC,NO_SC16,7.9124,1.3802,14,27,8.9098,1.5177,18,27,N,0.937,S,19,S,13:25,8.82,16,13:28,8.59,16,13:33,8.34,16,13:38,7.96,16,13:42,7.85,16,13:46,7.53,16,13:50,7.37,16,G,C,N,0.6911,1.7872,0.75,4.582,0.7006,4.1208,83,0
332,NORTH,NO,5A,5,SF,NO_SF1,10.7599,1.8291,16,32,11.269,1.8734,18,29,N,0.797,S,20,S,16:15,8.79,18.5,16:19,8.58,18.5,16:23,8.41,18.5,16:27,8.3,18.5,16:30,8.01,18.5,16:33,7.85,18.5,16:37,7.65,18.5,G,F,N,0.6169,1.6826,0.6514,4.516,0.6242,4.1372,83,0
333,NORTH,NO,5A,5,SF,NO_SF2,7.9057,1.4242,14,29,8.7583,1.5394,15,27,N,1.601,S,20,S,16:16,8.96,18.5,16:20,8.6,18.5,16:24,8.3,18.5,16:27,8.16,18.5,16:30,7.96,18.5,16:33,7.84,18.5,16:37,7.6,18.5,G,F,N,0.8069,1.8641,0.8252,5.2662,0.8146,4.8469,83,0
334,NORTH,NO,5A,5,SF,NO_SF3,40.7878,6.8483,24,47,,,,,,,,,,,,,,,,,,,,,,,,,,,,,,,,,,,,,,,,20,1
335,NORTH,NO,5B,5,SF,NO_SF4,40.1992,6.6149,26,49,,,,,,,,,,,,,,,,,,,,,,,,,,,,,,,,,,,,,,,,36,1
336,NORTH,NO,5B,5,SF,NO_SF5,33.4051,4.3168,27,47,,,,,,,,,,,,,,,,,,,,,,,,,,,,,,,,,,,,,,,,68,1
337,NORTH,NO,5B,5,SF,NO_SF6,43.3478,7.3946,24,47,,,,,,,,,,,,,,,,,,,,,,,,,,,,,,,,,,,,,,,,25,1
338,NORTH,NO,7A,7,SF,NO_SF7,5.2683,0.9955,13,26,6.1514,1.0161,15,26,N,0.45,S,20,S,16:16,9,18.5,16:21,8.85,18.5,16:24,8.59,18.5,16:28,8.39,18.5,16:31,8.3,18.5,16:34,8.16,18.5,16:38,8.06,18.5,G,F,N,0.6604,1.7905,0.6708,3.6919,0.664,3.4273,83,0
339,NORTH,NO,7A,7,SF,NO_SF8,64.0365,9.5771,34,57,62.2341,8.7109,28,54,N,1.308,,,,,,,,,,,,,,,,,,,,,,,,,,F,N,0.6599,1.7633,1.2914,17.3931,0.7433,15.345,83,0
340,NORTH,NO,7A,7,SF,NO_SF9,11.1412,2.0113,19,32,10.8987,1.9791,18,31,N,0.486,S,20,S,16:17,9.01,18.5,16:21,8.8,18.5,16:25,8.64,18.5,16:28,8.5,18.5,16:31,8.35,18.5,16:34,8.2,18.5,16:38,8.06,18.5,G,F,N,0.7127,1.7994,0.7312,5.3139,0.7227,4.915,83,0
341,NORTH,NO,7B,7,SF,NO_SF10,27.1252,4.8891,40,21,,,,,,,,,,,,,,,,,,,,,,,,,,,,,,,,,,,,,,,,69,1
342,NORTH,NO,7B,7,SF,NO_SF11,20.9838,3.6489,20,36,20.0881,3.4146,19,38,N,0.074,L,20,S,16:19,9.21,18.5,16:23,9.16,18.5,16:27,9.08,18.5,16:30,8.99,18.5,16:33,8.94,18.5,16:36,8.61,18.5,,,,B,F,N,0.7092,1.8045,0.7331,7.8464,0.7208,7.2742,83,0
343,NORTH,NO,7B,7,SF,NO_SF12,23.4687,4.2402,38,21,,,,,,,,,,,,,,,,,,,,,,,,,,,,,,,,,,,,,,,,49,1
344,NORTH,NO,9A,9,SF,NO_SF13,27.3212,9.9054,45,20,,,,,,,,,,,,,,,,,,,,,,,,,,,,,,,,,,,,,,,,48,1
345,NORTH,NO,9A,9,SF,NO_SF14,26.43,4.0477,40,23,,,,,,,,,,,,,,,,,,,,,,,,,,,,,,,,,,,,,,,,83,0
346,NORTH,NO,9B,9,SF,NO_SF15,4.5379,0.8553,11,24,5.2177,0.7332,15,23,N,0.703,S,20,S,16:17,9,18.5,16:22,8.78,18.5,16:25,8.67,18.5,16:29,8.55,18.5,16:32,8.45,18.5,16:35,8.32,18.5,16:39,8.2,18.5,G,F,N,0.6486,1.8208,0.6845,3.5416,0.6585,3.2892,83,0
347,NORTH,NO,9B,9,SF,NO_SF16,7.3758,1.242,15,28,8.0105,1.3087,15,26,N,0.498,S,20,S,16:17,8.98,18.5,16:22,8.76,18.5,16:25,8.62,18.5,16:29,8.48,18.5,16:32,8.36,18.5,16:35,8.24,18.5,16:39,8.09,18.5,G,F,N,0.6749,1.8112,0.7015,4.196,0.6837,3.8809,83,0
348,SOUTH,HA,NA,NA,NC,HANCCON1,,,,,,,,,,,S,1,C,11:52,8.72,10.6,11:59,8.59,10.6,12:04,8.52,10.6,12:09,8.5,10.5,12:13,8.47,10.5,12:16,8.48,10.5,12:19,8.45,10.5,G,C,NA,0.6738,,0.6858,,,,,0
349,SOUTH,HA,NA,NA,NC,HANCCON2,,,,,,,,,,,S,1,C,11:54,8.96,10.6,12:01,8.72,10.6,12:05,8.64,10.5,12:10,8.57,10.5,12:14,8.53,10.5,12:17,8.53,10.5,12:20,8.53,10.5,G,C,NA,0.5316,,0.5312,,,,,0
350,SOUTH,HA,NA,NA,NC,HANCCON3,,,,,,,,,,,S,1,C,11:58,9.48,10.6,12:01,9.36,10.6,12:06,9.22,10.5,12:11,9.09,10.5,12:14,9.02,10.5,12:17,8.96,10.5,12:21,8.96,10.5,G,C,NA,0.5337,,0.5327,,,,,0
351,SOUTH,HA,NA,NA,NF,HANFCON1,,,,,,,,,,,S,2,C,12:50,7.26,13,12:53,7.22,13,12:55,7.19,13,12:59,7.15,13,13:03,7.14,13,13:06,7.14,13,13:09,7.12,13,G,F,NA,0.4335,,0.4333,,,,,0
352,SOUTH,HA,NA,NA,NF,HANFCON2,,,,,,,,,,,S,2,C,12:51,7.26,13,12:53,7.22,13,12:56,7.2,13,13:00,7.15,13,13:04,7.12,13,13:07,7.13,13,13:10,7.15,13,G,F,NA,0.6833,,0.6823,,,,,0
353,SOUTH,HA,NA,NA,NF,HANFCON3,,,,,,,,,,,S,2,C,12:52,6.09,13,12:54,6.06,13,12:58,6.02,13,13:01,5.99,13,13:05,5.96,13,13:08,5.95,13,13:11,5.93,13,G,F,NA,,,,,,,,0
354,SOUTH,HA,NA,NA,SC,HASCCON1,,,,,,,,,,,S,3,C,13:37,9.85,15.9,13:42,9.72,16.1,13:45,9.63,16.1,13:49,9.62,16.1,13:52,9.62,16.1,13:56,9.62,16.1,13:59,9.57,16.1,G,C,NA,,,,,,,,0
355,SOUTH,HA,NA,NA,SC,HASCCON2,,,,,,,,,,,S,3,C,13:39,9.73,15.9,13:43,9.69,16.1,13:46,9.68,16.1,13:50,9.67,16.1,13:53,9.67,16.1,13:56,9.69,16.1,14:00,9.7,16.1,G,C,NA,,,,,,,,0
356,SOUTH,HA,NA,NA,SC,HASCCON3,,,,,,,,,,,S,3,C,13:40,10,16,13:44,9.86,16.1,13:47,9.81,16.1,13:51,9.82,16.1,13:54,9.79,16.1,13:57,9.75,16.1,14:01,9.75,16.1,G,C,NA,,,,,,,,0
357,SOUTH,HA,NA,NA,SF,HASFCON1,,,,,,,,,,,S,4,C,14:22,7.9,18.3,14:26,7.83,18.5,14:29,7.81,18.5,14:32,7.78,18.5,14:35,7.77,18.5,14:38,7.75,18.5,14:41,7.73,18.5,G,F,NA,,,,,,,,0
358,SOUTH,HA,NA,NA,SF,HASFCON2,,,,,,,,,,,S,4,C,14:23,7.92,18.4,14:27,7.82,18.5,14:30,7.77,18.5,14:33,7.78,18.5,14:35,7.78,18.5,14:38,7.74,18.5,14:42,7.74,18.5,G,F,NA,,,,,,,,0
359,SOUTH,HA,NA,NA,SF,HASFCON3,,,,,,,,,,,S,4,C,14:24,7.93,18.5,14:28,7.86,18.5,14:31,7.77,18.5,14:33,7.75,18.5,14:36,7.75,18.5,14:39,7.69,18.5,14:43,7.68,18.5,G,F,NA,,,,,,,,0
360,SOUTH,PV,NA,NA,NC,PVNCCON1,,,,,,,,,,,S,5,C,11:42,10.08,10.7,11:47,9.85,10.7,11:52,9.65,10.7,11:56,9.53,10.7,12:03,9.37,10.6,12:06,9.34,10.6,12:12,9.31,10.6,G,C,NA,,,,,,,,0
361,SOUTH,PV,NA,NA,NC,PVNCCON2,,,,,,,,,,,S,5,C,11:42,9.79,10.7,11:48,9.61,10.7,11:52,9.56,10.7,11:56,9.47,10.7,12:03,9.37,10.6,12:07,9.38,10.6,12:12,9.33,10.6,G,C,NA,,,,,,,,0
362,SOUTH,PV,NA,NA,NC,PVNCCON3,,,,,,,,,,,S,5,C,11:43,10.31,10.7,11:49,10.13,10.7,11:53,9.88,10.7,11:57,9.69,10.7,12:03,9.51,10.6,12:07,9.46,10.6,12:13,9.37,10.6,G,C,NA,,,,,,,,0
363,SOUTH,PV,NA,NA,NF,PVNFCON1,,,,,,,,,,,S,6,C,12:39,5.33,12.9,12:43,5.29,12.9,12:48,5.27,13,12:52,5.25,13,12:55,5.24,13,12:59,5.24,13,13:02,5.24,13,G,F,NA,,,,,,,,0
364,SOUTH,PV,NA,NA,NF,PVNFCON2,,,,,,,,,,,S,6,C,12:40,5.78,12.9,12:44,5.73,12.9,12:49,5.72,13,12:53,5.67,13,12:56,5.66,13,13:00,5.62,13,13:03,5.62,13,G,F,NA,,,,,,,,0
365,SOUTH,PV,NA,NA,NF,PVNFCON3,,,,,,,,,,,L,6,C,12:42,5.52,12.8,12:47,5.43,13,12:52,5.38,13,12:55,5.36,13,12:58,5.34,13,13:02,5.31,13,13:05,5.3,13,G,F,NA,,,,,,,,0
366,SOUTH,PV,NA,NA,SC,PVSCCON1,,,,,,,,,,,S,7,C,14:00,9.96,15.9,14:05,9.85,15.9,14:09,9.7,15.9,14:14,9.59,15.9,14:19,9.54,15.9,14:24,9.48,15.9,14:28,9.41,15.9,G,C,NA,,,,,,,,0
367,SOUTH,PV,NA,NA,SC,PVSCCON2,,,,,,,,,,,L,7,C,14:03,10.04,15.9,14:08,9.87,15.9,14:13,9.67,15.9,14:18,9.6,15.9,14:23,9.49,15.9,14:27,9.45,15.9,14:30,9.4,15.9,G,C,NA,,,,,,,,0
368,SOUTH,PV,NA,NA,SC,PVSCCON3,,,,,,,,,,,L,7,C,14:04,10.17,15.9,14:08,9.91,15.9,14:13,9.77,15.9,14:18,9.69,15.9,14:23,9.58,15.8,14:28,9.55,15.9,14:30,9.51,15.9,G,C,NA,,,,,,,,0
369,SOUTH,PV,NA,NA,SF,PVSFCON1,,,,,,,,,,,S,8,C,14:52,8.09,18.4,14:56,8,18.5,14:59,7.97,18.5,15:03,7.95,18.5,15:06,7.95,18.5,15:09,7.93,18.5,15:13,7.92,18.5,G,F,NA,,,,,,,,0
370,SOUTH,PV,NA,NA,SF,PVSFCON2,,,,,,,,,,,S,8,C,14:52,8.22,18.5,14:57,8.11,18.5,15:01,8.03,18.5,15:04,8.01,18.5,15:06,8,18.5,15:10,8.01,18.5,15:13,7.99,18.5,G,F,NA,,,,,,,,0
371,SOUTH,PV,NA,NA,SF,PVSFCON3,,,,,,,,,,,L,8,C,14:53,7.72,18.5,14:58,7.66,18.5,15:02,7.6,18.5,15:04,7.57,18.5,15:07,7.54,18.5,15:11,7.51,18.5,15:14,7.53,18.5,G,F,NA,,,,,,,,0
372,SOUTH,WP,NA,NA,NC,WPNCCON1,,,,,,,,,,,S,9,C,11:20,8.31,10.7,11:24,8.23,10.6,11:29,8.15,10.6,11:34,8.04,10.6,11:39,8.04,10.6,11:45,8.01,10.6,11:49,8,10.6,G,C,NA,,,,,,,,0
373,SOUTH,WP,NA,NA,NC,WPNCCON2,,,,,,,,,,,S,9,C,11:20,8.65,10.7,11:25,8.48,10.6,11:30,8.32,10.6,11:35,8.22,10.6,11:41,8.16,10.6,11:45,8.13,10.6,11:50,8.05,10.6,G,C,NA,,,,,,,,0
374,SOUTH,WP,NA,NA,NC,WPNCCON3,,,,,,,,,,,S,9,C,11:23,9.01,10.6,11:28,8.82,10.6,11:33,8.76,10.6,11:38,8.56,10.6,11:44,8.47,10.6,11:48,8.45,10.6,11:55,8.39,10.6,G,C,NA,,,,,,,,0
375,SOUTH,WP,NA,NA,NF,WPNFCON1,,,,,,,,,,,S,10,C,12:26,7.81,13.1,12:30,7.72,13.1,12:34,7.67,13.1,12:38,7.66,13.1,12:41,7.64,13.1,12:44,7.62,13.1,12:48,7.6,13.1,G,F,NA,,,,,,,,0
376,SOUTH,WP,NA,NA,NF,WPNFCON2,,,,,,,,,,,L,10,C,12:27,8,13.1,12:31,7.91,13.1,12:35,7.79,13.1,12:39,7.75,13.1,12:42,7.71,13.1,12:45,7.69,13.1,12:49,7.68,13.1,G,F,NA,,,,,,,,0
377,SOUTH,WP,NA,NA,NF,WPNFCON3,,,,,,,,,,,L,10,C,12:29,8.5,13.1,12:33,8.32,13.1,12:37,8.19,13.1,12:40,8.12,13.1,12:44,8.04,13.1,12:47,7.98,13.1,12:51,7.97,13.1,G,F,NA,,,,,,,,0
378,SOUTH,WP,NA,NA,SC,WPSCCON1,,,,,,,,,,,S,11,C,13:46,9.62,16,13:50,9.56,16,13:56,9.56,15.9,14:01,9.51,15.9,14:06,9.5,15.9,14:12,9.46,15.9,14:15,9.43,15.9,G,C,NA,,,,,,,,0
379,SOUTH,WP,NA,NA,SC,WPSCCON2,,,,,,,,,,,L,11,C,13:47,9.69,15.9,13:52,9.6,15.9,13:58,9.46,15.9,14:03,9.43,15.9,14:07,9.39,15.9,14:13,9.37,15.9,14:17,9.38,15.9,G,C,NA,,,,,,,,0
380,SOUTH,WP,NA,NA,SC,WPSCCON3,,,,,,,,,,,L,11,C,13:49,9.92,15.9,13:54,9.77,15.9,14:00,9.62,15.9,14:05,9.51,15.9,14:11,9.44,15.9,14:15,9.4,15.9,14:19,9.35,15.9,G,C,NA,,,,,,,,0
381,SOUTH,WP,NA,NA,SF,WPSFCON1,,,,,,,,,,,S,12,C,14:42,8.33,18.2,14:47,8.23,18.7,14:51,8.29,18.7,14:55,8.3,18.6,15:01,8.25,18.6,15:04,8.23,18.6,15:08,8.2,18.6,G,F,NA,,,,,,,,0
382,SOUTH,WP,NA,NA,SF,WPSFCON2,,,,,,,,,,,L,12,C,14:43,8.57,18.4,14:49,8.38,18.7,14:52,8.39,18.7,14:57,8.35,18.6,15:02,8.3,18.6,15:06,8.26,18.6,15:10,8.27,18.6,G,F,NA,,,,,,,,0
383,SOUTH,WP,NA,NA,SF,WPSFCON3,,,,,,,,,,,L,12,C,14:44,8.67,18.5,14:50,8.57,18.7,14:53,8.51,18.6,14:59,8.48,18.6,15:03,8.45,18.6,15:07,8.41,18.6,15:11,8.41,18.6,G,F,NA,,,,,,,,0
384,NORTH,VD,NA,NA,NC,VDNCCON1,,,,,,,,,,,S,13,C,10:46,8.25,10.7,10:52,8.2,10.7,11:00,8.17,10.7,11:07,8.13,10.7,11:13,8.16,10.7,11:18,8.16,10.7,11:24,8.15,10.6,G,C,NA,,,,,,,,0
385,NORTH,VD,NA,NA,NC,VDNCCON2,,,,,,,,,,,S,13,C,10:46,8.2,10.7,10:53,8.17,10.7,11:00,8.11,10.7,11:08,8.11,10.7,11:14,8.1,10.7,11:19,8.09,10.7,11:24,8.09,10.7,G,C,NA,,,,,,,,0
386,NORTH,VD,NA,NA,NC,VDNCCON3,,,,,,,,,,,S,13,C,10:48,8.36,10.7,10:55,8.26,10.7,11:03,8.2,10.7,11:09,8.19,10.7,11:15,8.16,10.7,11:20,8.14,10.7,11:25,8.11,10.7,G,C,NA,,,,,,,,0
387,NORTH,VD,NA,NA,NF,VDNFCON1,,,,,,,,,,,S,14,C,12:03,7.43,13.1,12:09,7.44,13,12:15,7.41,13,12:21,7.4,13,12:29,7.39,13,12:34,7.36,13,12:40,7.36,13,G,F,NA,,,,,,,,0
388,NORTH,VD,NA,NA,NF,VDNFCON2,,,,,,,,,,,S,14,C,12:04,7.73,13.1,12:10,7.74,13,12:17,7.71,13,12:23,7.68,13,12:30,7.68,13,12:35,7.69,13,12:42,7.69,13,G,F,NA,,,,,,,,0
389,NORTH,VD,NA,NA,NF,VDNFCON3,,,,,,,,,,,S,14,C,12:06,7.94,13.1,12:12,7.89,13,12:18,7.84,13,12:24,7.8,13,12:31,7.78,13,12:37,7.77,13,12:43,7.79,13,G,F,NA,,,,,,,,0
390,NORTH,VD,NA,NA,SC,VDSCCON1,,,,,,,,,,,S,15,C,14:01,9.21,16.1,14:08,9.21,16.1,14:14,9.19,16.1,14:21,9.18,16.1,14:28,9.17,16.1,14:34,9.16,16.1,14:41,9.11,16.1,G,C,NA,,,,,,,,0
391,NORTH,VD,NA,NA,SC,VDSCCON2,,,,,,,,,,,S,15,C,14:02,9.14,16.1,14:09,9.1,16.1,14:16,9.09,16.1,14:23,9.03,16.1,14:30,9.07,16.1,14:36,9.01,16.1,14:43,9.02,16.1,G,C,NA,,,,,,,,0
392,NORTH,VD,NA,NA,SC,VDSCCON3,,,,,,,,,,,S,15,C,14:03,9.14,16.1,14:10,9.07,16.1,14:17,9.03,16.1,14:24,8.97,16.1,14:31,8.95,16.1,14:38,8.92,16.1,14:44,8.91,16.1,G,C,NA,,,,,,,,0
393,NORTH,VD,NA,NA,SF,VDSFCON1,,,,,,,,,,,S,16,C,15:18,7.48,18.4,15:23,7.47,18.4,15:29,7.47,18.5,15:34,7.49,18.5,15:40,7.49,18.5,15:45,7.5,18.5,15:51,7.53,18.5,G,F,NA,,,,,,,,0
394,NORTH,VD,NA,NA,SF,VDSFCON2,,,,,,,,,,,S,16,C,15:20,7.49,18.4,15:25,7.5,18.4,15:30,7.49,18.5,15:36,7.5,18.5,15:41,7.49,18.5,15:46,7.52,18.5,15:52,7.52,18.5,G,F,NA,,,,,,,,0
395,NORTH,VD,NA,NA,SF,VDSFCON3,,,,,,,,,,,S,16,C,15:22,7.54,18.4,15:26,7.53,18.4,15:31,7.56,18.5,15:37,7.57,18.5,15:42,7.59,18.5,15:48,7.57,18.5,15:54,7.57,18.5,G,F,NA,,,,,,,,0
396,NORTH,NO,NA,NA,NC,NONCCON1,,,,,,,,,,,S,17,C,10:28,7.63,10.6,10:31,7.63,10.6,10:35,7.62,10.6,10:39,7.62,10.6,10:42,7.61,10.6,10:46,7.61,10.6,10:52,7.58,10.6,G,C,NA,,,,,,,,0
397,NORTH,NO,NA,NA,NC,NONCCON2,,,,,,,,,,,S,17,C,10:28,7.92,10.6,10:31,7.84,10.6,10:35,7.79,10.6,10:39,7.75,10.6,10:42,7.75,10.6,10:47,7.73,10.6,10:53,7.7,10.6,G,C,NA,,,,,,,,0
398,NORTH,NO,NA,NA,NC,NONCCON3,,,,,,,,,,,L,17,C,10:30,8.1,10.6,10:34,8.08,10.6,10:38,8.04,10.6,10:41,8,10.6,10:45,7.97,10.6,10:49,7.96,10.6,10:54,7.93,10.6,G,C,NA,,,,,,,,0
399,NORTH,NO,NA,NA,NF,NONFCON1,,,,,,,,,,,S,18,C,11:48,7.4,12.9,11:52,7.38,13,11:57,7.4,13,12:01,7.41,13,12:06,7.43,13,12:12,7.43,13.1,12:17,7.45,13.1,G,F,NA,,,,,,,,0
400,NORTH,NO,NA,NA,NF,NONFCON2,,,,,,,,,,,S,18,C,11:49,7.59,12.9,11:53,7.55,13,11:57,7.54,13,12:02,7.55,13,12:06,7.56,13,12:12,7.53,13.1,12:17,7.54,13.1,G,F,NA,,,,,,,,0
401,NORTH,NO,NA,NA,NF,NONFCON3,,,,,,,,,,,L,18,C,11:51,7.69,13,11:56,7.68,13,12:00,7.67,13,12:05,7.66,13,12:10,7.68,13,12:15,7.64,13.1,12:20,7.65,13.1,G,F,NA,,,,,,,,0
402,NORTH,NO,NA,NA,SC,NOSCCON1,,,,,,,,,,,S,19,C,13:23,9.08,16,13:27,9.08,16,13:31,9.07,16,13:35,9.05,16,13:40,9.03,16,13:44,9.01,16,13:48,9.02,16,G,C,NA,,,,,,,,0
403,NORTH,NO,NA,NA,SC,NOSCCON2,,,,,,,,,,,S,19,C,13:24,9.2,16,13:28,9.2,16,13:32,9.16,16,13:38,9.15,16,13:42,9.12,16,13:46,9.12,16,13:49,9.09,16,G,C,NA,,,,,,,,0
404,NORTH,NO,NA,NA,SC,NOSCCON3,,,,,,,,,,,L,19,C,13:26,9.36,16,13:30,9.32,16,13:34,9.27,16,13:39,9.25,16,13:44,9.24,16,13:47,9.25,16,13:51,9.24,16,G,C,NA,,,,,,,,0
405,NORTH,NO,NA,NA,SF,NOSFCON1,,,,,,,,,,,S,20,C,16:16,9.32,18.5,16:20,9.3,18.5,16:24,9.31,18.5,16:28,9.28,18.5,16:31,9.3,18.5,16:34,9.34,18.5,16:37,9.29,18.5,G,F,NA,,,,,,,,0
406,NORTH,NO,NA,NA,SF,NOSFCON2,,,,,,,,,,,S,20,C,16:17,9.2,18.5,16:21,9.19,18.5,16:25,9.22,18.5,16:29,9.18,18.5,16:32,9.17,18.5,16:35,9.17,18.5,16:38,9.16,18.5,G,F,NA,,,,,,,,0
407,NORTH,NO,NA,NA,SF,NOSFCON3,,,,,,,,,,,S,20,C,16:18,9.05,18.5,16:22,9.07,18.5,16:26,9.07,18.5,16:29,9.07,18.5,16:32,9.03,18.5,16:36,9.05,18.5,16:39,9.02,18.5,G,F,NA,,,,,,,,0
408,NORTH,PA,NA,NA,NC,PANCCON1,,,,,,,,,,,S,21,C,10:45,8.9,10.7,10:51,8.89,10.7,10:56,8.9,10.6,11:02,8.9,10.6,11:07,8.85,10.6,11:12,8.85,10.6,11:17,8.85,10.6,G,C,NA,,,,,,,,0
409,NORTH,PA,NA,NA,NC,PANCCON2,,,,,,,,,,,S,21,C,10:46,8.97,10.7,10:52,8.91,10.7,10:57,8.88,10.6,11:03,8.83,10.6,11:08,8.82,10.6,11:12,8.82,10.6,11:17,8.79,10.6,G,C,NA,,,,,,,,0
410,NORTH,PA,NA,NA,NC,PANCCON3,,,,,,,,,,,S,21,C,10:46,9.05,10.7,10:53,8.93,10.7,10:58,8.86,10.6,11:03,8.82,10.6,11:08,8.77,10.6,11:13,8.75,10.6,11:18,8.74,10.6,G,C,NA,,,,,,,,0
411,NORTH,PA,NA,NA,NF,PANFCON1,,,,,,,,,,,S,22,C,12:19,8.15,13.1,12:25,8.1,13.1,12:30,8.1,13.2,12:37,8.12,13.2,12:44,8.12,13.2,12:49,8.09,13.2,12:55,8.07,13.2,G,F,NA,,,,,,,,0
412,NORTH,PA,NA,NA,NF,PANFCON2,,,,,,,,,,,S,22,C,12:21,8.34,13.1,12:26,8.26,13.1,12:33,8.23,13.2,12:40,8.18,13.2,12:45,8.16,13.2,12:52,8.16,13.2,12:57,8.14,13.2,G,F,NA,,,,,,,,0
413,NORTH,PA,NA,NA,NF,PANFCON3,,,,,,,,,,,L,22,C,12:22,8.58,13.1,12:29,8.45,13.1,12:36,8.39,13.2,12:43,8.38,13.2,12:49,8.31,13.2,12:54,8.32,13.2,13:00,8.32,13.2,G,F,NA,,,,,,,,0
414,NORTH,PA,NA,NA,SC,PASCCON1,,,,,,,,,,,S,23,C,14:16,9.4,16.2,14:22,9.37,16.1,14:29,9.3,16.1,14:37,9.22,16.1,14:42,9.17,16.1,14:48,9.14,16.1,14:54,9.15,16.1,G,C,NA,,,,,,,,0
415,NORTH,PA,NA,NA,SC,PASCCON2,,,,,,,,,,,S,23,C,14:18,9.36,16.2,14:24,9.08,16.1,14:31,8.97,16.1,14:38,8.88,16.1,14:43,8.82,16.1,14:49,8.8,16.1,14:56,8.91,16.1,G,C,NA,,,,,,,,0
416,NORTH,PA,NA,NA,SC,PASCCON3,,,,,,,,,,,L,23,C,14:20,10.33,16.2,14:27,10.24,16.2,14:35,10.13,16.1,14:41,10.05,16.1,14:46,10.07,16.1,14:53,10.07,16.1,14:59,10.03,16.1,G,C,NA,,,,,,,,0
417,NORTH,PA,NA,NA,SF,PASFCON1,,,,,,,,,,,S,24,C,15:32,8.9,18.2,15:39,8.86,18.6,15:44,8.83,18.6,15:49,8.82,18.7,15:54,8.79,18.6,15:58,8.8,18.6,16:02,8.79,18.6,G,F,NA,,,,,,,,0
418,NORTH,PA,NA,NA,SF,PASFCON2,,,,,,,,,,,S,24,C,15:35,9.2,18.4,15:41,9.04,18.6,15:46,9,18.7,15:51,8.95,18.7,15:56,8.93,18.6,16:00,8.88,18.6,16:03,8.87,18.6,G,F,NA,,,,,,,,0
419,NORTH,PA,NA,NA,SF,PASFCON3,,,,,,,,,,,L,24,C,15:37,9.3,18.5,15:43,9.19,18.6,15:48,9.17,18.7,15:54,9.13,18.6,15:58,9.09,18.6,16:02,9.08,18.6,16:05,9.06,18.6,G,F,NA,,,,,,,,0
420,SOUTH,HA,NA,NA,I,HAI_1,107.3497,21.143,65,32,,,,,,,,,,,,,,,,,,,,,,,,,,,,,,,,,,0.9886,1.6863,3.6581,38.8196,1.3951,32.0086,,0
421,SOUTH,HA,NA,NA,I,HAI_2,53.4632,20.644,54,28,,,,,,,,,,,,,,,,,,,,,,,,,,,,,,,,,,0.9576,1.8244,1.52,17.232,1.0308,15.2696,,0
422,SOUTH,HA,NA,NA,I,HAI_3,11.1794,1.9502,32,16,,,,,,,,,,,,,,,,,,,,,,,,,,,,,,,,,,0.8803,1.6186,0.9177,5.2366,0.8975,4.7448,,0
423,SOUTH,HA,NA,NA,I,HAI_4,2.5387,0.4605,19,10,,,,,,,,,,,,,,,,,,,,,,,,,,,,,,,,,,0.8128,1.575,,2.4533,,2.339,,0
424,SOUTH,PV,NA,NA,I,PVI_1,113.862,21.31,66,33,,,,,,,,,,,,,,,,,,,,,,,,,,,,,,,,,,0.9513,4.6983,3.3389,41.5177,1.1854,37.3289,,0
425,SOUTH,PV,NA,NA,I,PVI_2,28.2363,4.9751,43,22,,,,,,,,,,,,,,,,,,,,,,,,,,,,,,,,,,0.7516,1.7785,0.8843,10.8711,0.786,9.7276,,0
426,SOUTH,PV,NA,NA,I,PVI_3,7.3333,1.294,27,12,,,,,,,,,,,,,,,,,,,,,,,,,,,,,,,,,,0.9399,1.631,0.9694,4.025,0.959,3.6881,,0
427,SOUTH,PV,NA,NA,I,PVI_4,11.054,1.7855,30,17,,,,,,,,,,,,,,,,,,,,,,,,,,,,,,,,,,0.8461,1.6099,0.9283,4.9119,0.884,4.4345,,0
428,SOUTH,WP,NA,NA,I,WPI_1,109.2954,16.9996,68,32,,,,,,,,,,,,,,,,,,,,,,,,,,,,,,,,,,0.8492,5.66,1.4939,36.5028,0.9307,32.6276,,0
429,SOUTH,WP,NA,NA,I,WPI_2,107.6173,21.2285,65,32,,,,,,,,,,,,,,,,,,,,,,,,,,,,,,,,,,0.7557,1.6977,1.9019,39.337,0.7419,29.0052,,0
430,SOUTH,WP,NA,NA,I,WPI_3,57.2016,10.2222,52,28,,,,,,,,,,,,,,,,,,,,,,,,,,,,,,,,,,0.8171,1.7555,1.2341,20.1264,0.8814,22.7837,,0
431,SOUTH,WP,NA,NA,I,WPI_4,31.0092,5.6952,47,21,,,,,,,,,,,,,,,,,,,,,,,,,,,,,,,,,,0.7481,1.7618,0.9821,12.5799,0.8006,11.2716,,0
432,SOUTH,WP,NA,NA,I,WPI_5,5.1384,0.8321,24,13,,,,,,,,,,,,,,,,,,,,,,,,,,,,,,,,,,0.8018,1.2967,0.81,2.8371,0.808,2.6006,,0
433,SOUTH,WP,NA,NA,I,WPI_6,22.0319,4.3374,38,21,,,,,,,,,,,,,,,,,,,,,,,,,,,,,,,,,,0.86,1.4268,0.912,9.2582,0.8767,8.3015,,0
434,SOUTH,WP,NA,NA,I,WPI_7,21.0821,3.9558,38,17,,,,,,,,,,,,,,,,,,,,,,,,,,,,,,,,,,0.9045,1.631,0.9744,8.0818,0.9288,7.8941,,0
435,SOUTH,WP,NA,NA,I,WPI_8,62.2736,11.5913,54,28,,,,,,,,,,,,,,,,,,,,,,,,,,,,,,,,,,0.7941,1.3958,1.0185,22.1405,0.835,19.7044,,0
436,SOUTH,WP,NA,NA,I,WPI_9,57.8041,10.8743,54,27,,,,,,,,,,,,,,,,,,,,,,,,,,,,,,,,,,0.8436,1.607,1.4424,20.9095,0.90499,18.6421,,0
437,SOUTH,WP,NA,NA,I,WPI_10,4.7449,0.8082,23,13,,,,,,,,,,,,,,,,,,,,,,,,,,,,,,,,,,0.8563,1.4379,0.8619,2.938,0.8606,2.7187,,0
438,NORTH,VD,NA,NA,I,VDI_1,29.4622,5.0253,43,22,,,,,,,,,,,,,,,,,,,,,,,,,,,,,,,,,,0.826,1.5475,0.9964,10.6731,0.853,9.435,,0
439,NORTH,VD,NA,NA,I,VDI_2,21.7749,3.8809,39,19,,,,,,,,,,,,,,,,,,,,,,,,,,,,,,,,,,0.883,1.6162,0.9705,8.6483,0.9064,7.7103,,0
440,NORTH,VD,NA,NA,I,VDI_3,40.3647,6.957,47,26,,,,,,,,,,,,,,,,,,,,,,,,,,,,,,,,,,0.912,1.5946,1.476,13.9297,0.9769,12.3485,,0
441,NORTH,VD,NA,NA,I,VDI_4,8.2979,1.3794,28,15,,,,,,,,,,,,,,,,,,,,,,,,,,,,,,,,,,0.8979,1.869,0.9169,4.4136,0.9088,4.1016,,0
442,NORTH,VD,NA,NA,I,VDI_5,8.0241,1.443,29,15,,,,,,,,,,,,,,,,,,,,,,,,,,,,,,,,,,0.9042,1.5759,0.9159,4.1781,0.9146,3.8743,,0
443,NORTH,VD,NA,NA,I,VDI_6,40.3062,7.0865,48,22,,,,,,,,,,,,,,,,,,,,,,,,,,,,,,,,,,0.8991,1.8202,1.2325,14.453,0.948,12.8405,,0
444,NORTH,VD,NA,NA,I,VDI_7,8.2333,1.5808,28,16,,,,,,,,,,,,,,,,,,,,,,,,,,,,,,,,,,0.8515,1.6908,0.8695,4.5349,0.8628,4.1966,,0
445,NORTH,VD,NA,NA,I,VDI_8,0.3531,1.9827,30,16,,,,,,,,,,,,,,,,,,,,,,,,,,,,,,,,,,0.9112,1.582,0.9357,5.1891,0.9255,4.7571,,0
446,NORTH,VD,NA,NA,I,VDI_9,5.453,1.0401,24,13,,,,,,,,,,,,,,,,,,,,,,,,,,,,,,,,,,0.8673,1.8397,0.877,3.7187,0.876,3.5004,,0
447,NORTH,VD,NA,NA,I,VDI_10,24.5526,4.2436,40,22,,,,,,,,,,,,,,,,,,,,,,,,,,,,,,,,,,0.9264,1.5003,1.2023,9.1781,0.9649,8.1712,,0
448,NORTH,NO,NA,NA,I,NOI_1,45.6693,8.2609,52,24,,,,,,,,,,,,,,,,,,,,,,,,,,,,,,,,,,0.8163,1.5107,1.3283,16.1982,0.8927,14.1999,,0
449,NORTH,NO,NA,NA,I,NOI_2,39.8342,6.818,47,25,,,,,,,,,,,,,,,,,,,,,,,,,,,,,,,,,,0.9479,1.5253,1.2105,13.801,0.9967,12.3077,,0
450,NORTH,NO,NA,NA,I,NOI_3,58.2015,9.2931,50,28,,,,,,,,,,,,,,,,,,,,,,,,,,,,,,,,,,0.8601,1.5179,2.5249,18.3495,1.0994,16.2105,,0
451,NORTH,NO,NA,NA,I,NOI_4,5.2013,1.0145,23,13,,,,,,,,,,,,,,,,,,,,,,,,,,,,,,,,,,0.8186,1.6609,0.8287,3.4713,0.8305,3.2601,,0
452,NORTH,NO,NA,NA,I,NOI_5,19.0992,3.931,48,20,,,,,,,,,,,,,,,,,,,,,,,,,,,,,,,,,,0.9688,1.6418,0.9959,8.616,0.9913,7.9104,,0
453,NORTH,NO,NA,NA,I,NOI_6,38.9,6.3754,48,25,,,,,,,,,,,,,,,,,,,,,,,,,,,,,,,,,,1.027,1.8964,1.7742,13.3228,1.1374,11.7427,,0
454,NORTH,NO,NA,NA,I,NOI_7,30.406,4.4069,45,25,,,,,,,,,,,,,,,,,,,,,,,,,,,,,,,,,,1.0484,1.7418,1.1881,9.7501,1.0794,8.8244,,0
455,NORTH,NO,NA,NA,I,NOI_8,6.8805,1.2747,26,15,,,,,,,,,,,,,,,,,,,,,,,,,,,,,,,,,,0.9243,1.7027,0.935,4.0341,0.9339,3.7673,,0
456,NORTH,NO,NA,NA,I,NOI_9,5.3609,0.9887,24,13,,,,,,,,,,,,,,,,,,,,,,,,,,,,,,,,,,0.7975,1.8987,0.8093,3.6831,0.8087,3.4722,,0
457,NORTH,NO,NA,NA,I,NOI_10,6.178,1.165,25,14,,,,,,,,,,,,,,,,,,,,,,,,,,,,,,,,,,0.8973,1.5018,0.9094,3.597,0.9167,3.3545,,0
458,NORTH,PA,NA,NA,I,PAI_1,26.58,4.2111,43,20,,,,,,,,,,,,,,,,,,,,,,,,,,,,,,,,,,0.8616,3.2548,1.3673,10.7897,0.9126,9.8864,,0
459,NORTH,PA,NA,NA,I,PAI_2,22.0612,3.4658,38,22,,,,,,,,,,,,,,,,,,,,,,,,,,,,,,,,,,0.9569,2.3312,1.2403,8.5633,1.0003,7.7837,,0
460,NORTH,PA,NA,NA,I,PAI_3,36.8566,5.8565,47,26,,,,,,,,,,,,,,,,,,,,,,,,,,,,,,,,,,0.8595,2.8047,2.9824,13.1956,0.978,11.7659,,0
461,NORTH,PA,NA,NA,I,PAI_4,32.2533,5.3567,43,23,,,,,,,,,,,,,,,,,,,,,,,,,,,,,,,,,,2.4329,2.4834,3.0856,12.0236,2.5076,10.799,,0
462,NORTH,PA,NA,NA,I,PAI_5,14.9756,2.4076,34,18,,,,,,,,,,,,,,,,,,,,,,,,,,,,,,,,,,2.379,3.008,2.5259,7.3016,2.4502,6.7387,,0
463,NORTH,PA,NA,NA,I,PAI_6,28.6502,4.5652,42,26,,,,,,,,,,,,,,,,,,,,,,,,,,,,,,,,,,1.6704,3.0957,2.0804,11.3527,1.7455,10.2464,,0
464,NORTH,PA,NA,NA,I,PAI_7,19.0077,3.119,36,20,,,,,,,,,,,,,,,,,,,,,,,,,,,,,,,,,,2.2303,2.4964,2.4627,8.134,2.2763,7.4363,,0
465,NORTH,PA,NA,NA,I,PAI_8,7.3967,1.996,27,15,,,,,,,,,,,,,,,,,,,,,,,,,,,,,,,,,,1.9761,3.195,1.9985,5.4498,1.9949,5.1737,,0
466,NORTH,PA,NA,NA,I,PAI_9,8.1408,1.3275,28,15,,,,,,,,,,,,,,,,,,,,,,,,,,,,,,,,,,1.8517,3.3323,1.8934,5.722,1.878,5.4164,,0
467,NORTH,PA,NA,NA,I,PAI_10,3.9387,0.7088,22,10,,,,,,,,,,,,,,,,,,,,,,,,,,,,,,,,,,1.751,2.9317,1.7745,4.1797,1.7756,4.0287,,0